fid	location	lng	lat	accuracy
1478	"Washington, DC"	-77.0363658	38.8951118	4
1479	Washington 	-77.0363658	38.8951118	4
1480	"Washington, D.C."	-77.0363658	38.8951118	4
1481	"Washington, D.C."	-77.0363658	38.8951118	4
1482	Arlington	-97.1080656	32.735687	4
1483	"Fairfax, VA"	-77.3063733	38.8462236	4
1484	Washington	-77.0363658	38.8951118	4
1485	"Alexandria, VA"	-77.0469214	38.8048355	4
1486	"Washington, D.C. "	-77.0363658	38.8951118	4
1487	"Silver Spring, MD"	-77.026088	38.9906657	4
1488	Bethesda MD	-77.0947092	38.984652	4
1489	"Fairfax, VA"	-77.3063733	38.8462236	4
1490	"Alexandria, Va."	-77.0469214	38.8048355	4
1491	"Washington, D.C. "	-77.0363658	38.8951118	4
1492	"Fairfax, VA"	-77.3063733	38.8462236	4
1493	"Silver Spring, MD"	-77.026088	38.9906657	4
1494	n/a	-69.6691186	-38.8233843	2
1495	"Royal Oak, Michigan"	-83.1446485	42.4894801	4
1496	"Washington, DC"	-77.0363658	38.8951118	4
1497	"Washington, D.C."	-77.0363658	38.8951118	4
1498	"Washington, DC"	-77.0363658	38.8951118	4
1499	n/a	-69.6691186	-38.8233843	2
1500	"Washington, DC"	-77.0363658	38.8951118	4
1501	laurel MD	-76.8483061	39.0992752	4
1502	"Washington, DC"	-77.0363658	38.8951118	4
1503	"Seminary Valley, Virginia"	-77.1174791	38.8184463	5
1504	"Washington, DC"	-77.0363658	38.8951118	4
1505	GLOBAL BY WAY OF MANCHESTER UK	0	0	0
1506	Georgia &amp The Twitterverse	-82.907123	32.1574351	2
1507	"Atlanta, GA"	-84.3879824	33.7489954	4
1508	"Washington, DC"	-77.0363658	38.8951118	4
1509	"Silver Spring, MD"	-77.026088	38.9906657	4
1510	"Washington, D.C."	-77.0363658	38.8951118	4
1511	"Washington, DC"	-77.0363658	38.8951118	4
1512	"Washington, DC"	-77.0363658	38.8951118	4
1513	"Washington, DC"	-77.0363658	38.8951118	4
1514	"Washington, DC"	-77.0363658	38.8951118	4
1515	"Washington, D.C."	-77.0363658	38.8951118	4
1516	"Washington, D.C. "	-77.0363658	38.8951118	4
1517	Washington DC Metro	-77.0363658	38.8951118	4
1518	"Washington, DC"	-77.0363658	38.8951118	4
1519	DC Metro area	-77.0363658	38.8951118	4
1520	"Silver Spring, MD"	-77.026088	38.9906657	4
1521	"Washington, DC"	-77.0363658	38.8951118	4
1522	"Washington, DC"	-77.0363658	38.8951118	4
1523	"Washington, DC"	-77.0363658	38.8951118	4
1524	"??T: 38.930662,-77.225142"	15.4961454	49.7338986	6
1525	"Washington, D.C."	-77.0363658	38.8951118	4
1526	"Washington, DC"	-77.0363658	38.8951118	4
1527	Dallas	-96.8004511	32.7801399	4
1528	"Washington, D.C."	-77.0363658	38.8951118	4
1529	"Washington, DC"	-77.0363658	38.8951118	4
1530	"Washington, DC"	-77.0363658	38.8951118	4
1531	"Silver Spring, MD"	-77.026088	38.9906657	4
1532	Washington	0	0	0
1533	"Washington, D.C."	-77.0363658	38.8951118	4
1534	c~town	-77.0363658	38.8951118	4
1535	n/a	-69.6691186	-38.8233843	2
1536	"Washington, D.C."	-77.0363658	38.8951118	4
1537	Fairfax	-77.3063733	38.8462236	4
1538	"Fort Washington, Maryland"	-77.0230313	38.7073379	4
1539	"Reston, Virginia"	-77.3570028	38.9586307	4
1540	Vermont	-72.5778415	44.5588028	2
3056	"New York, NY"	-74.0059731	40.7143528	4
3057	"New York, NY"	-74.0059731	40.7143528	4
3058	"Bronx, NY 10470"	-73.866667	40.85	4
3059	Indianapolis	-86.1579557	39.7685825	4
3060	"New York, Inna Yu Madda"	-74.0059731	40.7143528	4
3061	"New York, New York"	-74.0059731	40.7143528	4
3062	NYC 	-74.0059731	40.7143528	4
3063	"Dutton, Michigan"	-85.91692	34.6109183	4
3064	"New York, New York"	-74.0059731	40.7143528	4
3065	New York	-74.0059731	40.7143528	4
3066	New York	-74.0059731	40.7143528	4
3067	"New York,  USA"	-74.0059731	40.7143528	4
3068	"New York, NY"	-74.0059731	40.7143528	4
3069	New York	-74.0059731	40.7143528	4
3070	"Bexley, Ohio USA"	0.154327	51.439933	4
3071	"Monterrey, Mexico"	-100.309201	25.6732109	4
3072	New York City	0	0	0
3073	New York City	0	0	0
3074	"??T: 40.856176,-73.872346"	34.81035	31.198032	6
3075	"??T: 40.754885,-73.975506"	34.81035	31.198032	6
3076	"Doha, Qatar"	51.522476	25.280282	4
3077	New York	-74.0059731	40.7143528	4
3078	"New York, NY"	-74.0059731	40.7143528	4
3079	New York	-74.0059731	40.7143528	4
3080	New York	-74.0059731	40.7143528	4
3081	New York City	0	0	0
3082	"New York, NY"	-74.0059731	40.7143528	4
3083	"??T: 40.760428,-73.976293"	34.81035	31.198032	6
3084	"Jamaica, Queens"	-77.297508	18.109581	1
3085	"New York, NY"	-74.0059731	40.7143528	4
3086	"New York, NY"	-74.0059731	40.7143528	4
3087	"New York, NY"	-74.0059731	40.7143528	4
3088	NYC	-74.0059731	40.7143528	4
3089	NY	-74.0059731	40.7143528	4
3090	"New York, NY"	-74.0059731	40.7143528	4
3091	"New York, NY"	-74.0059731	40.7143528	4
3092	New York	-74.0059731	40.7143528	4
3093	"New York, New York"	-74.0059731	40.7143528	4
3094	"New York, NY"	-74.0059731	40.7143528	4
3095	New York	-74.0059731	40.7143528	4
3096	NOLA	7.5710591	45.2413798	4
3097	New York City	0	0	0
3098	Greater New York region	-73.9071614	40.743686	9
3099	New York	-74.0059731	40.7143528	4
3100	New York	-74.0059731	40.7143528	4
3101	n/a	-69.6691186	-38.8233843	2
3102	New York	-74.0059731	40.7143528	4
3103	New York	-74.0059731	40.7143528	4
3104	Wall St.	0	0	0
3105	"New York, USA"	-74.0059731	40.7143528	4
3106	New York	-74.0059731	40.7143528	4
3107	New York	-74.0059731	40.7143528	4
3108	New York	-74.0059731	40.7143528	4
3109	Boss city	0	0	0
3110	"New York, NY"	-74.0059731	40.7143528	4
3111	New York	-74.0059731	40.7143528	4
3112	New york	-74.0059731	40.7143528	4
3113	New York	-74.0059731	40.7143528	4
3114	"??T: 40.8418099,-73.9216081"	34.81035	31.198032	6
3115	NYC | Shanghai	-73.9457999	40.7752104	9
3116	"New York, NY"	-74.0059731	40.7143528	4
3117	"New York, NY"	-74.0059731	40.7143528	4
3118	New York	-74.0059731	40.7143528	4
3119	"New York City, USA"	0	0	0
3120	"??T: 40.871222,-73.841804"	34.81035	31.198032	6
3121	"OH, NY"	-82.907123	40.4172871	2
3122	NYC	-74.0059731	40.7143528	4
3123	New York	-74.0059731	40.7143528	4
3124	New York	-74.0059731	40.7143528	4
3125	New York	-74.0059731	40.7143528	4
3126	NY	-74.0059731	40.7143528	4
3127	NYC	-74.0059731	40.7143528	4
3128	New York	-74.0059731	40.7143528	4
3129	New York	-74.0059731	40.7143528	4
3130	NY	-74.0059731	40.7143528	4
3131	"New York, NY"	-74.0059731	40.7143528	4
3132	"New York, USA"	-74.0059731	40.7143528	4
3133	"New York, NY"	-74.0059731	40.7143528	4
3134	New York City	0	0	0
3135	"New York, NY"	-74.0059731	40.7143528	4
3136	New York	-74.0059731	40.7143528	4
3137	n/a	-69.6691186	-38.8233843	2
3138	New York	-74.0059731	40.7143528	4
3139	New York	-74.0059731	40.7143528	4
3140	New York City	0	0	0
3141	"NY, America"	-74.0059731	40.7143528	4
3142	New York	-74.0059731	40.7143528	4
3143	"Jamaica, Queens"	-77.297508	18.109581	1
3144	"New York, NY"	-74.0059731	40.7143528	4
3145	New York City	0	0	0
3146	New York	-74.0059731	40.7143528	4
3147	"CD.NEZA,.BRONX NY,.HOUSTON,."	26.47315	2.831388	4
3148	New York	-74.0059731	40.7143528	4
3149	"43.846532,-79.283183"	0	0	0
3150	New York	-74.0059731	40.7143528	4
3151	Michigan	-85.6023643	44.3148443	2
3152	"catalina foothills, az."	-110.9187037	32.297853	4
3153	"New York, NY"	-74.0059731	40.7143528	4
3154	"New York, NY"	-74.0059731	40.7143528	4
3155	New York	-74.0059731	40.7143528	4
3156	"New York, NY"	-74.0059731	40.7143528	4
3157	New York City	0	0	0
3158	"New York City, NY"	0	0	0
3998	"burlington,ma"	-73.212072	44.4758825	4
3999	Boston	-71.0597732	42.3584308	4
4000	"Boston,Ma"	-71.0597732	42.3584308	4
4001	"Boston, MA"	-71.0597732	42.3584308	4
4002	Boston	-71.0597732	42.3584308	4
4003	"Boston,Ma"	-71.0597732	42.3584308	4
4004	"Boston, MA"	-71.0597732	42.3584308	4
4005	Boston Ma	-71.0597732	42.3584308	4
4006	Boston Ma	-71.0597732	42.3584308	4
4007	Boston Ma	-71.0597732	42.3584308	4
4008	"Boston, MA"	-71.0597732	42.3584308	4
4009	"Milton, MA"	-79.8774042	43.5182991	4
4010	"Weymouth, MA"	-2.457621	50.6144279	4
4011	Boston	-71.0597732	42.3584308	4
4012	"Boston,Ma"	-71.0597732	42.3584308	4
4013	"Boston, MA"	-71.0597732	42.3584308	4
4014	"Walpole, MA"	-71.2495096	42.1417442	4
4015	"Boston, MA"	-71.0597732	42.3584308	4
4016	"Boston, MA"	-71.0597732	42.3584308	4
4017	"Boston,usa"	-71.0597732	42.3584308	4
4018	"Boston,Ma"	-71.0597732	42.3584308	4
4019	"Boston, Dedham, MA"	-71.0597732	42.3584308	4
4020	"Boston,Ma"	-71.0597732	42.3584308	4
4021	"iPhone: 42.341812,-71.077438"	0	0	0
4022	"Boston,Ma"	-71.0597732	42.3584308	4
4023	"Boston, MA"	-71.0597732	42.3584308	4
4024	"Boston, MA"	-71.0597732	42.3584308	4
4025	"Boston, MA"	-71.0597732	42.3584308	4
4026	Cambridge 	-71.1097335	42.3736158	4
4027	"Walpole, MA"	-71.2495096	42.1417442	4
4028	"Boston, Dedham, MA"	-71.0597732	42.3584308	4
4029	Cambridge MA	-71.1097335	42.3736158	4
4030	"Boston,Ma"	-71.0597732	42.3584308	4
4031	"Cambridge, MA"	-71.1097335	42.3736158	4
4032	"burlington,ma"	-73.212072	44.4758825	4
4033	"Wellesley, MA"	-71.2923877	42.296797	4
4034	"Wellesley, MA"	-71.2923877	42.296797	4
4035	Boston Ma	-71.0597732	42.3584308	4
4036	"Watertown, MA"	-71.1828321	42.3709299	4
4037	Boston Ma	-71.0597732	42.3584308	4
4038	Waltham Ma	-71.2356113	42.3764852	4
4039	"Wellesley, MA"	-71.2923877	42.296797	4
4040	"Wellesley, MA"	-71.2923877	42.296797	4
4041	"Needham, MA"	-71.2377548	42.2809285	4
4042	"Wellesley, MA"	-71.2923877	42.296797	4
4043	"Wellesley, MA"	-71.2923877	42.296797	4
4044	BOSTON 	-71.0597732	42.3584308	4
4045	"Brookline, MA"	-71.1211635	42.3317642	4
4046	"Burlington, Ma"	-73.212072	44.4758825	4
4047	"Boston, MA"	-71.0597732	42.3584308	4
4048	"Watertown, MA"	-71.1828321	42.3709299	4
4049	"Boston,Ma"	-71.0597732	42.3584308	4
4050	"Norwood, MA"	-71.1989695	42.1943909	4
4051	"Boston,Ma"	-71.0597732	42.3584308	4
4052	"burlington,ma"	-73.212072	44.4758825	4
5015	Chicago 	-87.6297982	41.8781136	4
5016	Chicago	-87.6297982	41.8781136	4
5017	n/a	-69.6691186	-38.8233843	2
5018	n/a	-69.6691186	-38.8233843	2
5019	"Chicago, Illinois"	-87.6297982	41.8781136	4
5020	Chicago	-87.6297982	41.8781136	4
5021	"Chicago, IL"	-87.6297982	41.8781136	4
5022	"Chicago, IL"	-87.6297982	41.8781136	4
5023	Chicago	-87.6297982	41.8781136	4
5024	"Chicago, IL"	-87.6297982	41.8781136	4
5025	Metro Chicago	-87.6297982	41.8781136	4
5026	Chicago	-87.6297982	41.8781136	4
5027	Chicago	-87.6297982	41.8781136	4
5028	Chicago	-87.6297982	41.8781136	4
5029	Chicago IL	-87.6297982	41.8781136	4
5030	"Chicago, IL"	-87.6297982	41.8781136	4
5031	Chicago	-87.6297982	41.8781136	4
5032	Chicago	-87.6297982	41.8781136	4
5033	Chicago	0	0	0
5034	Metro Chicago	-87.6297982	41.8781136	4
5035	Chicago	-87.6297982	41.8781136	4
5036	"Chicago, IL"	-87.6297982	41.8781136	4
5037	"Chicago, IL"	-87.6297982	41.8781136	4
5038	Chicago IL	-87.6297982	41.8781136	4
5039	Chicago IL	-87.6297982	41.8781136	4
5040	Chicago	-87.6297982	41.8781136	4
5041	Chicago	-87.6297982	41.8781136	4
5042	Metro Chicago	-87.6297982	41.8781136	4
5043	Metro Chicago	-87.6297982	41.8781136	4
5044	"Chicago, IL"	-87.6297982	41.8781136	4
5045	"Chicago, Illinois"	-87.6297982	41.8781136	4
5046	Chicago 	-87.6297982	41.8781136	4
5047	"Plano, TX"	-96.6988856	33.0198431	4
5048	Chicago 	-87.6297982	41.8781136	4
5049	"Appleton, WI"	-88.4153847	44.2619309	4
5050	"Palo Alto, CA"	-98.6659426	20.2861441	6
5051	nanaimo/courtenay bc 	-124.9136155	49.6265963	6
5052	Metro Chicago	-87.6297982	41.8781136	4
5053	Chicago	-87.6297982	41.8781136	4
5054	nanaimo/courtenay bc 	-124.9136155	49.6265963	6
5055	nanaimo/courtenay bc 	-124.9136155	49.6265963	6
5056	n/a	-69.6691186	-38.8233843	2
5057	Chicago	-87.6297982	41.8781136	4
5058	"Buffalo, NY"	-78.8783689	42.8864468	4
5059	The Motor City	-83.0457538	42.331427	4
5060	Chicago	-87.6297982	41.8781136	4
5061	USA	-95.712891	37.09024	1
5062	"Chicago, IL"	-87.6297982	41.8781136	4
5063	"Bend, OR"	-121.3153096	44.0581728	4
5064	"25 ave , Illnois 60625 Chicago"	-89.0931582	30.381612	6
5065	Chicago	-87.6297982	41.8781136	4
5066	n/a	-69.6691186	-38.8233843	2
5067	"Ann Arbor, Michigan"	-83.7430378	42.2808256	4
5068	"Chicago, IL"	-87.6297982	41.8781136	4
5069	"Chicago, IL"	-87.6297982	41.8781136	4
5070	"New York, NY"	-74.0059731	40.7143528	4
6580	Los Angeles	-118.2436849	34.0522342	4
6581	"Los Angeles, CA"	-118.2436849	34.0522342	4
6582	"LA, USA"	-118.2436849	34.0522342	4
6583	Los Angeles	-118.2436849	34.0522342	4
6584	"Downtown Los Angeles, CA"	-118.2436849	34.0522342	4
6585	"LA, California"	-118.2436849	34.0522342	4
6586	"Los Angeles, CA"	-118.2436849	34.0522342	4
6587	"PASADENA, CA (Dena baby!)"	-118.1445155	34.1477849	4
6588	"Los Angeles, CA"	-118.2436849	34.0522342	4
6589	"PASADENA, CA (Dena baby!)"	-118.1445155	34.1477849	4
6590	n/a	-69.6691186	-38.8233843	2
6591	"Ann Arbor, Michigan"	-83.7430378	42.2808256	4
6592	"Los Angeles, CA"	-118.2436849	34.0522342	4
6593	Los Angeles	-118.2436849	34.0522342	4
6594	"Pasadena, CA"	-118.1445155	34.1477849	4
6595	"??T: 34.042719,-118.258444"	15.2223006	49.4156776	6
6596	"Maryland, USA"	-76.6412712	39.0457549	2
6597	"Doha, Qatar"	51.522476	25.280282	4
6598	n/a	-69.6691186	-38.8233843	2
6599	"Los Angeles, CA"	-118.2436849	34.0522342	4
6600	"Los Angeles, CA"	-118.2436849	34.0522342	4
6601	Los Angeles	-118.2436849	34.0522342	4
6602	"Los Angeles, CA"	-118.2436849	34.0522342	4
6603	"Los Angeles, CA"	-118.2436849	34.0522342	4
6604	"Los Angeles, CA"	-118.2436849	34.0522342	4
6605	Los Angeles	-118.2436849	34.0522342	4
6606	Los Angeles	-118.2436849	34.0522342	4
6607	Where Uncle Sam wants me	0	0	0
6608	"Downtown Los Angeles, CA"	-118.2436849	34.0522342	4
6609	"Palo Alto, CA"	-98.6659426	20.2861441	6
6610	"Los Angeles, CA"	-118.2436849	34.0522342	4
6611	"Los Angeles, CA"	-118.2436849	34.0522342	4
6612	Santa Monica	-118.4911912	34.0194543	4
6613	"Los Angeles, California"	-118.2436849	34.0522342	4
6614	"Pasadena, CA"	-118.1445155	34.1477849	4
6615	19701 Sherman Way	0	0	0
6616	"Los Angeles, CA"	-118.2436849	34.0522342	4
6617	n/a	-69.6691186	-38.8233843	2
6618	"Seattle, WA"	-122.3320708	47.6062095	4
6619	"Los Angeles, CA "	-118.2436849	34.0522342	4
6620	"Los Angeles, CA "	-118.2436849	34.0522342	4
6621	"Los Angeles, ca"	-118.2436849	34.0522342	4
6622	"Pasadena, CA"	-118.1445155	34.1477849	4
6623	n/a	-69.6691186	-38.8233843	2
6624	Los Angeles	-118.2436849	34.0522342	4
6625	"Santa Monica, CA"	-118.4911912	34.0194543	4
6626	n/a	-69.6691186	-38.8233843	2
6627	"Saint Augustine, FL"	-81.3132083	29.8942639	4
6628	Los Angeles	-118.2436849	34.0522342	4
6629	SC	-81.1637245	33.836081	2
6630	NEW YORK CITY	0	0	0
6631	"chicago,il "	-87.6297982	41.8781136	4
6632	Ecuador	-78.183406	-1.831239	1
6633	"Richmond, Virginia"	-77.4360481	37.5407246	4
6634	"Los Angeles, CA"	-118.2436849	34.0522342	4
6635	"Los Angeles, CA USA"	-118.2436849	34.0522342	4
6636	Los Angeles	-118.2436849	34.0522342	4
6637	Los Angeles	-118.2436849	34.0522342	4
6638	"Los Angeles, CA"	-118.2436849	34.0522342	4
6639	"34.22186,-118.470921"	-77.1703672	38.7738571	6
6640	"Los Angeles, CA, USA"	-118.2436849	34.0522342	4
6641	Los Angeles	-118.2436849	34.0522342	4
6642	"Los Angeles, California "	-118.2436849	34.0522342	4
6643	"Los Angeles, CA"	-118.2436849	34.0522342	4
6644	"Los Angeles, CA"	-118.2436849	34.0522342	4
6645	"Los Angeles, CA"	-118.2436849	34.0522342	4
6646	Los Angeles	-118.2436849	34.0522342	4
6647	"Palo Alto, CA"	-98.6659426	20.2861441	6
6648	"Los Angeles, CA"	-118.2436849	34.0522342	4
6649	"Los Angeles, CA"	-118.2436849	34.0522342	4
6650	"Downtown Los Angeles, CA"	-118.2436849	34.0522342	4
6651	"Pasadena, CA"	-118.1445155	34.1477849	4
6652	Los Angeles	-118.2436849	34.0522342	4
6653	Los Feliz	-118.2848199	34.1063307	4
6654	"Los Angeles, CA"	-118.2436849	34.0522342	4
6655	"Los Angeles, CA"	-118.2436849	34.0522342	4
6656	"Los Angeles, CA"	-118.2436849	34.0522342	4
6657	Maryland	-76.6412712	39.0457549	2
6658	"Los Angeles, CA"	-118.2436849	34.0522342	4
6659	"State College, Pennsylvania"	-77.8600012	40.7933949	4
6660	"Beverly Trills, CA"	0	0	0
6661	"Beverly Hills, CA"	-118.4003563	34.0736204	4
6662	"West Hollywood, CA"	-118.3617443	34.0900091	4
6663	"Los Angeles, CA"	-118.2436849	34.0522342	4
6664	"Los Angeles, California"	-118.2436849	34.0522342	4
6665	Los Angeles	-118.2436849	34.0522342	4
6666	Los Angeles	-118.2436849	34.0522342	4
6667	"El Segundo, CA"	-118.4164652	33.9191799	4
6668	"Los Angeles, CA"	-118.2436849	34.0522342	4
6669	"Los Angeles, CA"	-118.2436849	34.0522342	4
6670	"Los Angeles, California"	-118.2436849	34.0522342	4
6671	"Los Angeles, CA"	-118.2436849	34.0522342	4
6672	"Los Angeles, California"	-118.2436849	34.0522342	4
6673	n/a	-69.6691186	-38.8233843	2
6674	Los Angeles	-118.2436849	34.0522342	4
6675	"Belleville, Ontario"	-89.9839935	38.5200504	4
6676	Los Angeles	-118.2436849	34.0522342	4
6677	Hawthorne	-118.3525748	33.9164032	4
6678	Los Angeles	-118.2436849	34.0522342	4
6679	n/a	-69.6691186	-38.8233843	2
6680	UK	-3.435973	55.378051	1
6681	"Manhattan Beach, CA"	-118.4109089	33.8847361	4
6682	"Los Angeles, CA"	-118.2436849	34.0522342	4
6683	"Los Angeles, CA"	-118.2436849	34.0522342	4
6684	"Los Angeles, CA"	-118.2436849	34.0522342	4
6685	"Los Angeles, CA"	-118.2436849	34.0522342	4
6686	UK	-3.435973	55.378051	1
6687	CA	-119.4179324	36.778261	2
6688	"Downtown Los Angeles, CA"	-118.2436849	34.0522342	4
6689	"Palo Alto, CA"	-98.6659426	20.2861441	6
6690	"Canoga Park, California"	-118.6089752	34.2061948	4
6691	"Los Angeles, CA"	-118.2436849	34.0522342	4
6692	Los Angeles	-118.2436849	34.0522342	4
6693	Los Angeles	-118.2436849	34.0522342	4
6694	Los Angeles	-118.2436849	34.0522342	4
6695	"Los Angeles, CA "	-118.2436849	34.0522342	4
6696	Los Angeles	-118.2436849	34.0522342	4
6697	"El Segundo, CA"	-118.4164652	33.9191799	4
6698	"Santa Monica, CA"	-118.4911912	34.0194543	4
6699	"Pasadena, CA"	-118.1445155	34.1477849	4
6700	"El Segundo, CA"	-118.4164652	33.9191799	4
6701	"Santa Monica, CA"	-118.4911912	34.0194543	4
6702	"Los Angeles, CA"	-118.2436849	34.0522342	4
6703	"Los Angeles, CA"	-118.2436849	34.0522342	4
6704	"LOS ANGELES, CA "	-118.2436849	34.0522342	4
6705	"Pasadena, CA"	-118.1445155	34.1477849	4
6706	Los Angeles	-118.2436849	34.0522342	4
6707	n/a	-69.6691186	-38.8233843	2
6708	"Pasadena, CA"	-118.1445155	34.1477849	4
6709	"Los Angeles, CA"	-118.2436849	34.0522342	4
6710	Los Angeles	-118.2436849	34.0522342	4
6711	"Los Angeles, CA "	-118.2436849	34.0522342	4
6712	"LA, California"	-118.2436849	34.0522342	4
6713	"Pasadena, CA"	-118.1445155	34.1477849	4
6714	Los Angeles	-118.2436849	34.0522342	4
6715	"Los Angeles, CA"	-118.2436849	34.0522342	4
6716	"Los Angeles, CA"	-118.2436849	34.0522342	4
6717	"Los Angeles, CA"	-118.2436849	34.0522342	4
6718	Houston / Phoenix  	-95.1135017	29.5746562	9
6719	"Los Angeles, CA"	-118.2436849	34.0522342	4
6720	"Montreal,Quebec,Canada"	-73.5539925	45.5086699	4
6721	n/a	-69.6691186	-38.8233843	2
6722	"Los Angeles, CA"	-118.2436849	34.0522342	4
6723	n/a	-69.6691186	-38.8233843	2
6724	n/a	-69.6691186	-38.8233843	2
6725	Cologne/Germany	6.9602786	50.937531	4
6726	NY/ DF / OAXACA	-74.0059731	40.7143528	4
6727	"Lynwood, CA"	-118.2114603	33.930293	4
6728	n/a	-69.6691186	-38.8233843	2
6729	"Palo Alto, CA"	-98.6659426	20.2861441	6
6730	"Phoenix, Arizona USA"	-112.0740373	33.4483771	4
6731	Los Angeles 	-118.2436849	34.0522342	4
6732	elmira new york	-76.8077338	42.0897965	4
6733	n/a	-69.6691186	-38.8233843	2
7792	San Francisco	-122.4194155	37.7749295	4
7793	"Berkeley, CA"	-122.272747	37.8715926	4
7794	"Berkeley, CA"	-122.272747	37.8715926	4
7795	"San Francisco, CA"	-122.4194155	37.7749295	4
7796	n/a	-69.6691186	-38.8233843	2
7797	San Francisco	-122.4194155	37.7749295	4
7798	San Francisco 	-122.4194155	37.7749295	4
7799	San Francisco 	-122.4194155	37.7749295	4
7800	San Francisco	-122.4194155	37.7749295	4
7801	"San Francisco, California"	-122.4194155	37.7749295	4
7802	"San Francisco, CA"	-122.4194155	37.7749295	4
7803	San Francisco	-122.4194155	37.7749295	4
7804	n/a	-69.6691186	-38.8233843	2
7805	UK	-3.435973	55.378051	1
7806	San Francisco	-122.4194155	37.7749295	4
7807	San Francisco	-122.4194155	37.7749295	4
7808	San Francisco	-122.4194155	37.7749295	4
7809	San Francisco	-122.4194155	37.7749295	4
7810	"San Francisco, Ca"	-122.4194155	37.7749295	4
7811	"San Francisco, CA"	-122.4194155	37.7749295	4
7812	"San Francisco, CA"	-122.4194155	37.7749295	4
7813	San Francisco	-122.4194155	37.7749295	4
7814	"San Francisco, CA"	-122.4194155	37.7749295	4
7815	"San Francisco, CA"	-122.4194155	37.7749295	4
7816	"Oakland, CA"	-122.2711137	37.8043637	4
7817	San Francisco	-122.4194155	37.7749295	4
7818	San Francisco	-122.4194155	37.7749295	4
7819	"San Francisco, CA"	-122.4194155	37.7749295	4
7820	San Francisco	-122.4194155	37.7749295	4
7821	san francisco	-122.4194155	37.7749295	4
7822	"San Francisco, CA"	-122.4194155	37.7749295	4
7823	"San Francisco, CA"	-122.4194155	37.7749295	4
7824	"San Francisco, CA"	-122.4194155	37.7749295	4
7825	San Francisco	-122.4194155	37.7749295	4
7826	San Francisco	-122.4194155	37.7749295	4
7827	"BAY AREA, CALIFORNIA"	-122.25	37.7141454	3
7828	San Francisco	-122.4194155	37.7749295	4
7829	San Francisco	-122.4194155	37.7749295	4
7830	San Francisco	-122.4194155	37.7749295	4
7831	San Francisco	-122.4194155	37.7749295	4
7832	San Francisco Bay Area	-122.25	37.7141454	3
7833	Classified.	-85.6866503	38.1993383	6
7834	"San Francisco, CA"	-122.4194155	37.7749295	4
8359	"Philadelphia, PA"	-75.163789	39.952335	4
8360	n/a	-69.6691186	-38.8233843	2
8361	n/a	-69.6691186	-38.8233843	2
8362	"philadelphia,pa"	-75.163789	39.952335	4
8363	"Mount Laurel, NJ"	-74.9002778	39.9488889	4
8364	Philadelphia Area	-75.163789	39.952335	4
8365	"Doha, Qatar"	51.522476	25.280282	4
8366	Philly	-75.163789	39.952335	4
8367	Philadelphia	-75.163789	39.952335	4
8368	"Mount Laurel, NJ"	-74.9002778	39.9488889	4
8369	"Philadelphia, PA"	-75.163789	39.952335	4
8370	PHL	-75.2490713	39.8749715	9
8371	Philly	-75.163789	39.952335	4
8372	"philadelphia,pa"	-75.163789	39.952335	4
8373	philly	-75.163789	39.952335	4
8374	"philadelphia,pa"	-75.163789	39.952335	4
8375	"Mount Laurel, NJ"	-74.9002778	39.9488889	4
8376	Philadelphia	-75.163789	39.952335	4
8377	"Ambler, PA"	-75.2215651	40.1545535	4
8378	"Ambler, PA"	-75.2215651	40.1545535	4
8379	Philly	-75.163789	39.952335	4
8380	"Doha, Qatar"	51.522476	25.280282	4
8381	Philly	-75.163789	39.952335	4
8382	"Philadelphia, PA"	-75.163789	39.952335	4
8383	Philadelphia Area	-75.163789	39.952335	4
8384	Philly	-75.163789	39.952335	4
8385	"??T: 39.900765,-74.905688"	17.5222691	50.9165407	6
8386	"Philadelphia, PA"	-75.163789	39.952335	4
8387	"Magnolia, NJ"	-93.1779659	33.1285176	3
8388	n/a	-69.6691186	-38.8233843	2
8389	"Haddonfield, NJ"	-75.0376707	39.8915022	4
8390	"Woodbury, NJ"	-92.9593797	44.9238552	4
8391	philly	-75.163789	39.952335	4
8392	"Philadelphia, PA"	-75.163789	39.952335	4
8393	"Philadelphia, PA"	-75.163789	39.952335	4
8394	"Mount Laurel, NJ"	-74.9002778	39.9488889	4
8395	"philadelphia,pa"	-75.163789	39.952335	4
8767	"Phoenix, AZ"	-112.0740373	33.4483771	4
8768	"Scottsdale, AZ"	-111.9260519	33.4941704	4
8769	"Phoenix, Arizona "	-112.0740373	33.4483771	4
8770	"Phoenix, Arizona"	-112.0740373	33.4483771	4
8771	"Phoenix, AZ"	-112.0740373	33.4483771	4
8772	"Phoenix, Arizona"	-112.0740373	33.4483771	4
8773	"Phoenix, Arizona"	-112.0740373	33.4483771	4
8774	"Phoenix, Arizona"	-112.0740373	33.4483771	4
8775	Mesa	-111.8314724	33.4151843	4
8776	"Phoenix, Arizona"	-112.0740373	33.4483771	4
8777	"Phoenix, Arizona"	-112.0740373	33.4483771	4
8778	Phoenix	-112.0740373	33.4483771	4
8779	"Phoenix, Arizona"	-112.0740373	33.4483771	4
8780	"Peoria, AZ"	-89.5889864	40.6936488	4
8781	"Phoenix, Arizona"	-112.0740373	33.4483771	4
8782	Phoenix Arizona	-112.0740373	33.4483771	4
8783	"Phoenix
"	-112.0740373	33.4483771	4
9122	"San Diego, CA"	-99.821927	20.6886441	6
9123	"San Diego, CA"	-99.821927	20.6886441	6
9124	n/a	-69.6691186	-38.8233843	2
9125	"San Diego, CA"	-99.821927	20.6886441	6
9126	"San Diego, CA"	-99.821927	20.6886441	6
9127	"San Diego, CA"	-99.821927	20.6886441	6
9128	"San Diego, CA"	-99.821927	20.6886441	6
9129	"San Diego, CA"	-99.821927	20.6886441	6
9130	"San Diego, CA"	-99.821927	20.6886441	6
9131	"San Diego, Calif."	-99.821927	20.6886441	6
9132	Pacific Beach	-117.2382163	32.806374	4
9133	San Diego	-99.821927	20.6886441	6
9134	"San Diego, California"	-99.821927	20.6886441	6
9135	"San Diego, CA"	-99.821927	20.6886441	6
9136	"San Diego, CA"	-99.821927	20.6886441	6
9920	"Irving, TX"	-96.9488945	32.8140177	4
9921	"Dallas, TX"	-96.8004511	32.7801399	4
9922	"Dallas, TX"	-96.8004511	32.7801399	4
9923	"Grapevine, TX 76051"	-97.0780654	32.9342919	4
9924	Dallas	-96.8004511	32.7801399	4
9925	DFW Texas	-97.0406533	32.8974493	9
9926	"Irving, TX"	-96.9488945	32.8140177	4
9927	"Irving, TX"	-96.9488945	32.8140177	4
9928	"Dallas,Texas"	-96.8004511	32.7801399	4
9929	DFW Texas	-97.0406533	32.8974493	9
9930	"Irving, TX"	-96.9488945	32.8140177	4
9931	"Irving, TX"	-96.9488945	32.8140177	4
9932	DFW Texas	-97.0406533	32.8974493	9
9933	"Dallas, TX, USA"	-96.8004511	32.7801399	4
9934	"Dallas, Tx"	-96.8004511	32.7801399	4
9935	"Addison, Texas"	-96.8291685	32.96179	4
9936	"Rockwall, TX"	-96.4597089	32.9312336	4
9937	"Grand Prairie,TX"	-96.9977846	32.7459645	4
9938	"Dallas, TX"	-96.8004511	32.7801399	4
9939	"Irving, Texas"	-96.9488945	32.8140177	4
9940	DFW Metroplex	-97.0406533	32.8974493	9
9941	Dallas	-96.8004511	32.7801399	4
9942	DFW Texas	-97.0406533	32.8974493	9
9943	Dallas	-96.8004511	32.7801399	4
9944	"Irving, TX"	-96.9488945	32.8140177	4
9945	Canada	-106.346771	56.130366	1
9946	DFW Texas	-97.0406533	32.8974493	9
9947	"Dallas,TX"	-96.8004511	32.7801399	4
9948	Southwest	-122.3948308	47.5667695	4
9949	"Dallas,Texas"	-96.8004511	32.7801399	4
9950	"Dallas, Texas"	-96.8004511	32.7801399	4
9951	"Irving, TX"	-96.9488945	32.8140177	4
9952	"Irving, TX"	-96.9488945	32.8140177	4
9953	"Fort Worth, Texas"	-97.3208496	32.725409	4
9954	"Dallas, Texas"	-96.8004511	32.7801399	4
9955	Dallas TX	-96.8004511	32.7801399	4
9956	"Dallas, TX"	-96.8004511	32.7801399	4
9957	n/a	-69.6691186	-38.8233843	2
9958	Dallas	-96.8004511	32.7801399	4
11455	Estado de M??xico	-99.7232673	19.4968732	2
11456	"Houston, TX"	-95.3693896	29.7601927	4
11457	Houston Texas 	-95.3693896	29.7601927	4
11458	Worldwide	-84.7227071	39.0841968	6
11459	"Houston, TX"	-95.3693896	29.7601927	4
11460	"Patterson, Louisiana, America"	-121.129656	37.4716001	4
11461	Worldwide	-84.7227071	39.0841968	6
11462	Worldwide	-84.7227071	39.0841968	6
11463	Houston	-95.3693896	29.7601927	4
11464	WORLDWIDE	-84.7227071	39.0841968	6
11465	"Mesa, Arizona"	-111.8314724	33.4151843	4
11466	Worldwide	-84.7227071	39.0841968	6
11467	"Long Lake, Barrington NH"	-97.2271437	37.6605904	6
11468	City of the Purple Sprite	0	0	0
11469	Bay Area	-122.25	37.7141454	3
11470	 Houston	-95.3693896	29.7601927	4
11471	Bay Area	-122.25	37.7141454	3
11472	Houston	-95.3693896	29.7601927	4
11473	Worldwide	-84.7227071	39.0841968	6
11474	"Houston, Texas"	-95.3693896	29.7601927	4
11475	Worldwide	-84.7227071	39.0841968	6
11476	n/a	-69.6691186	-38.8233843	2
11477	Worldwide	-84.7227071	39.0841968	6
11478	Houston Texas	-95.3693896	29.7601927	4
11479	Worldwide	-84.7227071	39.0841968	6
11480	Port Orange FL	0	0	0
11481	Alabama	-86.902298	32.3182314	2
11482	"Houston, Texas"	-95.3693896	29.7601927	4
11483	Worldwide	-84.7227071	39.0841968	6
11484	Bay Area	-122.25	37.7141454	3
11485	n/a	-69.6691186	-38.8233843	2
11486	"Katy, TX"	-97.1542052	44.9141353	9
11487	"Dandridge, TN"	-83.4148895	36.0153693	4
11488	Worldwide	-84.7227071	39.0841968	6
11489	"Pasadena, Texas"	-118.1445155	34.1477849	4
11490	Houston Texas	-95.3693896	29.7601927	4
11491	"Houston, TX"	-95.3693896	29.7601927	4
11492	Bay Area	-122.25	37.7141454	3
11493	LukeBryanLandd)	0	0	0
11494	hampton va 	-76.3452218	37.0298687	4
11495	"Ontario, Canada"	-85.3232139	51.253775	2
11496	"Pittsburgh, PA"	-79.9958864	40.4406248	4
11497	n/a	-69.6691186	-38.8233843	2
11498	indiana USA	-86.1349019	40.2671941	2
11499	"Your moms, canada  "	0	0	0
11500	"Jacksonville, FL"	-81.655651	30.3321838	4
11501	"Houston, TX"	-95.3693896	29.7601927	4
11502	Nebo	-81.93111	35.715	4
11503	"Shreveport , Louisiana"	-93.7501789	32.5251516	4
11504	"Goodyear, AZ "	-112.3582136	33.449806	4
11505	n/a	-69.6691186	-38.8233843	2
11506	Worldwide	-84.7227071	39.0841968	6
11507	"??T: -7.315396,112.672973"	114.207581	22.332621	6
11508	The Death Star 	0	0	0
11509	Indiana	-86.1349019	40.2671941	2
11510	n/a	-69.6691186	-38.8233843	2
11511	Worldwide	-84.7227071	39.0841968	6
11512	"China Grove,NC"	-98.3489023	29.3888459	4
11513	"Florence, SC"	11.2480006	43.7710332	4
11514	Reading Eagle Company	-81.4282729	41.6346806	6
11515	"Pennsylvania, US"	-77.1945247	41.2033216	2
11516	"Pittsburgh, PA"	-79.9958864	40.4406248	4
11517	"Pittsburgh, PA"	-79.9958864	40.4406248	4
11518	behind you	0	0	0
11519	little town in CT	0	0	0
11520	The Track	-83.575732	35.805859	9
11521	"Houston, TX"	-95.3693896	29.7601927	4
11522	"Sarnia,Ontario,Canada"	-82.4065901	42.974536	4
11523	little town in CT	0	0	0
11524	"Premont, TX"	-98.1236151	27.3605947	4
11525	"Tulsa, Oklahoma"	-95.992775	36.1539816	4
11526	"Hertford, NC"	-0.081157	51.795756	4
11527	Thompson CT	-104.9546813	39.7837571	6
11528	" Toomsuba, MS 39364"	-88.5069868	32.4184448	4
11529	"Magog ,Qu??bec,Canada"	-72.146	45.2643	4
11530	n/a	-69.6691186	-38.8233843	2
11531	"Ciudad Ju??rez, M??xico"	0	0	0
11532	M??xico y la Selva del Seonee	0	0	0
11533	PE/USA	-63.4168136	46.510712	2
11534	USA Hispanic Latino Auto #1	0	0	0
11535	"sonoma, CA"	-122.4580356	38.291859	4
11536	Estado de M??xico	-99.7232673	19.4968732	2
11537	"Mooresville, NC"	-86.37416	39.6128243	4
11538	W. Mass	-71.3824374	42.4072107	2
11539	"Houston, TX"	-95.3693896	29.7601927	4
11540	Worldwide	-84.7227071	39.0841968	6
11541	"Houston, TX"	-95.3693896	29.7601927	4
11542	WorldWide! 	-84.7227071	39.0841968	6
11543	Worldwide	-84.7227071	39.0841968	6
11544	Bay Area	-122.25	37.7141454	3
11545	Houston TX	-95.3693896	29.7601927	4
11546	Worldwide	-84.7227071	39.0841968	6
11547	Worldwide	-84.7227071	39.0841968	6
11548	NY	-74.0059731	40.7143528	4
11549	Worldwide	-84.7227071	39.0841968	6
11550	WorldWide! 	-84.7227071	39.0841968	6
11551	"Houston, Texas"	-95.3693896	29.7601927	4
11552	"Houston,TX"	-95.3693896	29.7601927	4
11553	Worldwide	-84.7227071	39.0841968	6
11554	Worldwide	-84.7227071	39.0841968	6
11555	Worldwide	-84.7227071	39.0841968	6
11556	"Houston, TX"	-95.3693896	29.7601927	4
11557	Worldwide	-84.7227071	39.0841968	6
11558	"Houston, Texas"	-95.3693896	29.7601927	4
11559	Bay Area	-122.25	37.7141454	3
11560	"Houston, Texas"	-95.3693896	29.7601927	4
11561	Drunk In Houston 	0	0	0
11562	North Of The Reliant	-115.1918293	36.2446405	6
11563	Drunk In Houston 	0	0	0
11564	Houston Tx	-95.3693896	29.7601927	4
11565	WorldWide	-84.7227071	39.0841968	6
11566	Bay Area	-122.25	37.7141454	3
11567	"Houston, TX"	-95.3693896	29.7601927	4
11568	Nascar Nation	0	0	0
11569	"Houston, TX"	-95.3693896	29.7601927	4
11936	New world 	-94.3593993	31.3041699	6
11937	"San Antonio, Tx"	-98.4936282	29.4241219	4
11938	New world 	-94.3593993	31.3041699	6
11939	"San Antonio, Texas"	-98.4936282	29.4241219	4
12539	"Seattle, WA"	-122.3320708	47.6062095	4
12540	Seattle	-122.3320708	47.6062095	4
12541	"Seattle, WA"	-122.3320708	47.6062095	4
12542	"Seattle, WA"	-122.3320708	47.6062095	4
12543	"Renton, WA"	-122.2170661	47.4828776	4
12544	"Seattle, WA"	-122.3320708	47.6062095	4
12545	"Seattle, WA"	-122.3320708	47.6062095	4
12546	Seattle	-122.3320708	47.6062095	4
12547	Seattle	-122.3320708	47.6062095	4
12548	Seattle	-122.3320708	47.6062095	4
12549	"Seattle, WA"	-122.3320708	47.6062095	4
12550	Seattle	0	0	0
12551	"Seattle, WA"	-122.3320708	47.6062095	4
12552	"311 S Grady Way in Renton, WA"	0	0	0
12553	"Seattle, WA"	-122.3320708	47.6062095	4
12554	South Carolina to Seattle	0	0	0
12555	Seattle	-122.3320708	47.6062095	4
12556	"Seattle, WA"	-122.3320708	47.6062095	4
12557	"Seattle, WA"	-122.3320708	47.6062095	4
12558	Seattle	-122.3320708	47.6062095	4
12559	"Seattle, WA"	-122.3320708	47.6062095	4
12560	"Renton, WA"	-122.2170661	47.4828776	4
12561	Seattle	-122.3320708	47.6062095	4
12562	Seattle	-122.3320708	47.6062095	4
12563	Seattle	-122.3320708	47.6062095	4
12564	"Renton, WA"	-122.2170661	47.4828776	4
12565	"Renton, WA"	-122.2170661	47.4828776	4
12566	"Renton, WA"	-122.2170661	47.4828776	4
12567	"Seattle, WA"	-122.3320708	47.6062095	4
12795	Camas WA	-122.3995363	45.5870631	4
12796	Camas WA	-122.3995363	45.5870631	4
12797	Vancouver B.C	-123.1139268	49.261226	4
12798	"Portland, OR"	-122.6762071	45.5234515	4
12799	"San Diego, California"	-99.821927	20.6886441	6
12800	Camas WA	-122.3995363	45.5870631	4
12801	"Vancouver, WA"	-123.1139268	49.261226	4
12802	Camas WA	-122.3995363	45.5870631	4
12803	"Portland, OR"	-122.6762071	45.5234515	4
12804	"Portland, OR"	-122.6762071	45.5234515	4
12805	Portland	-122.6762071	45.5234515	4
12806	Camas WA	-122.3995363	45.5870631	4
12807	"Portland, OR"	-122.6762071	45.5234515	4
12808	"Beaverton, OR"	-122.8037102	45.487062	4
12809	"Portland, OR"	-122.6762071	45.5234515	4
12810	Camas WA	-122.3995363	45.5870631	4
12811	"Portland, Oregon"	-122.6762071	45.5234515	4
12812	Camas WA	-122.3995363	45.5870631	4
13020	"Franklin, WI"	-86.8688899	35.9250637	4
13021	Sussex	-88.2220372	43.1338972	4
13022	Sussex	-88.2220372	43.1338972	4
13023	"Milwaukee, WI"	-87.9064736	43.0389025	4
13024	Sussex	-88.2220372	43.1338972	4
13025	Sussex	-88.2220372	43.1338972	4
13026	Sussex	-88.2220372	43.1338972	4
13027	Sussex	-88.2220372	43.1338972	4
13028	Sussex	-88.2220372	43.1338972	4
13029	Sussex	-88.2220372	43.1338972	4
13030	Sussex	-88.2220372	43.1338972	4
13031	"Milwaukee, WI"	-87.9064736	43.0389025	4
13032	"Milwaukee, WI"	-87.9064736	43.0389025	4
14501	"Oakland County, Michigan"	-83.336188	42.5921924	3
14502	n/a	-69.6691186	-38.8233843	2
14503	"Detroit, MI"	-83.0457538	42.331427	4
14504	In my mind..... 	0	0	0
14505	n/a	-69.6691186	-38.8233843	2
14506	Canada	-106.346771	56.130366	1
14507	"Detroit, MI"	-83.0457538	42.331427	4
14508	Segovia	-4.1130022	40.9435626	4
14509	Segovia	-4.1130022	40.9435626	4
14510	"Detroit,MI"	-83.0457538	42.331427	4
14511	"Detroit, Michigan"	-83.0457538	42.331427	4
14512	Indonesia	113.921327	-0.789275	1
14513	n/a	-69.6691186	-38.8233843	2
14514	"Albany, California"	-73.7562317	42.6525793	4
14515	"Detroit, MI"	-83.0457538	42.331427	4
14516	n/a	-69.6691186	-38.8233843	2
14517	"Chino Hills, CA"	-117.7325848	33.9898188	4
14518	Learn To Drive Safely!	0	0	0
14519	London UK	0	0	0
14520	Michigan. USA	-85.6023643	44.3148443	2
14521	"Dearborn, MI"	-83.1763145	42.3222599	4
14522	n/a	-69.6691186	-38.8233843	2
14523	"Detroit, Michigan"	-83.0457538	42.331427	4
14524	"Detroit, Michigan"	-83.0457538	42.331427	4
14525	"Detroit,MI"	-83.0457538	42.331427	4
14526	Gold Coast	153.4256987	-28.0172605	4
14527	dearborn michigan	-83.1763145	42.3222599	4
14528	1695 Stutz Troy MI 	-83.178636	42.549771	8
14529	"Hanover Pa, 17331"	-76.9830358	39.8006553	4
14530	"Detroit, MI USA"	-83.0457538	42.331427	4
14531	dearborn michigan	-83.1763145	42.3222599	4
14532	Detroit	-83.0457538	42.331427	4
14533	Detroit	-83.0457538	42.331427	4
14534	"Detroit, MI"	-83.0457538	42.331427	4
14535	Detroit. MI	-83.0457538	42.331427	4
14536	"Detroit, MI"	-83.0457538	42.331427	4
14537	"Detroit, MI"	-83.0457538	42.331427	4
14538	n/a	-69.6691186	-38.8233843	2
14539	NW Suburbs of DC	0	0	0
14540	"Detroit, Michigan"	-83.0457538	42.331427	4
14541	Sell your car now	0	0	0
14542	Detroit	-83.0457538	42.331427	4
14543	"Detroit, MI"	-83.0457538	42.331427	4
14544	Windsor/Detroit	-83.0085329	42.279609	4
14545	Detroit	-83.0457538	42.331427	4
14546	Detroit	-83.0457538	42.331427	4
14547	n/a	-69.6691186	-38.8233843	2
14548	n/a	-69.6691186	-38.8233843	2
14549	India	78.96288	20.593684	1
14550	n/a	-69.6691186	-38.8233843	2
14551	"Detroit, Michigan"	-83.0457538	42.331427	4
14552	Detroit	-83.0457538	42.331427	4
14553	Detroit	-83.0457538	42.331427	4
14554	Detroit	-83.0457538	42.331427	4
14555	"Detroit, Michigan"	-83.0457538	42.331427	4
14556	"Detroit, Michigan"	-83.0457538	42.331427	4
14557	"Metro Detroit, Michigan, USA"	-83.0790865	42.8105356	3
14558	"Detroit,MI"	-83.0457538	42.331427	4
14559	Cedar Rapids	-91.6656232	41.9778795	4
14560	"Metro Detroit, Michigan"	-83.0790865	42.8105356	3
14561	Detroit Michigan	-83.0457538	42.331427	4
14562	Detroit	-83.0457538	42.331427	4
14563	Livonia MI	-83.3527097	42.36837	4
14564	n/a	-69.6691186	-38.8233843	2
14565	n/a	-69.6691186	-38.8233843	2
14566	Detroit Michigan	-83.0457538	42.331427	4
14567	Learn To Drive Safely!	0	0	0
14568	Detroit. MI	-83.0457538	42.331427	4
14569	Detroit	-83.0457538	42.331427	4
14570	Detroit. MI	-83.0457538	42.331427	4
14571	GA	-82.907123	32.1574351	2
14572	"Montreal, Canada "	-73.5539925	45.5086699	4
14573	"Detroit, MI"	-83.0457538	42.331427	4
14574	"??T: 42.232501,-83.34263"	21.4503326	47.2571929	6
14575	"Warren, Michigan"	-83.0146526	42.5144566	4
14576	"Kansas City, MO"	-94.5785667	39.0997265	4
14577	EVERYWHERRRRRRRRRRR	0	0	0
14578	Dallas	-96.8004511	32.7801399	4
14579	n/a	-69.6691186	-38.8233843	2
14580	Detroit	-83.0457538	42.331427	4
14581	n/a	-69.6691186	-38.8233843	2
14582	342 S 2050 W Cedar City UT 	0	0	0
14583	Tennessee	-86.5804473	35.5174913	2
14584	"Surrey, BC"	-122.823134	49.186495	4
14585	n/a	-69.6691186	-38.8233843	2
14586	North Carolina	-79.0192997	35.7595731	2
14587	"San Diego, CA"	-99.821927	20.6886441	6
14588	n/a	-69.6691186	-38.8233843	2
14589	M??laga / Nantes	-1.553621	47.218371	4
14590	"Toronto, Canada"	-79.3831843	43.653226	4
14591	"Dearborn, MI"	-83.1763145	42.3222599	4
14592	"Detroit, MI"	-83.0457538	42.331427	4
14593	Detroit area	-83.0457538	42.331427	4
14594	"Detroit, MI"	-83.0457538	42.331427	4
14595	Dearborn Michigan	-83.1763145	42.3222599	4
14596	Detroit	-83.0457538	42.331427	4
14597	"Detroit,MI"	-83.0457538	42.331427	4
14598	n/a	-69.6691186	-38.8233843	2
14599	"Detroit, MI"	-83.0457538	42.331427	4
14600	n/a	-69.6691186	-38.8233843	2
14601	Jakarta	106.845172	-6.211544	4
14602	Dearborn Michigan	-83.1763145	42.3222599	4
14603	"Detroit, MI"	-83.0457538	42.331427	4
14604	Detroit ??? Ann Arbor ??? Dearborn	-83.1763145	42.3222599	4
14605	29200 Telegraph Rd	0	0	0
14606	Detroit. MI	-83.0457538	42.331427	4
14607	"Detroit,MI"	-83.0457538	42.331427	4
14608	"detroit, michigan"	-83.0457538	42.331427	4
14609	"St. Clair Shores, MI"	-82.9002778	42.4955556	4
14610	Detroit	-83.0457538	42.331427	4
14611	n/a	-69.6691186	-38.8233843	2
14612	"Auburn Hills, MI"	-83.2341028	42.6875323	4
14613	n/a	-69.6691186	-38.8233843	2
14614	Detroit. MI	-83.0457538	42.331427	4
14615	"Detroit,MI"	-83.0457538	42.331427	4
14616	shenzhen	114.057868	22.543099	4
14617	"Peel Hall, Manchester, UK"	-0.354811	53.7505025	9
14618	48021	-82.9447782	42.466205	5
14619	48021	-82.9447782	42.466205	5
14620	n/a	-69.6691186	-38.8233843	2
14621	Tor ins M??nsterland	0	0	0
14622	Las Vegas	-115.172816	36.114646	4
14623	"ON YOUR SIDE, SO CHILL!"	-118.4327656	33.9969115	9
14624	"Detroit, MI USA"	-83.0457538	42.331427	4
14625	Diamond Auto Lease &amp Sales	0	0	0
14626	"Detroit, MI"	-83.0457538	42.331427	4
14627	The Open Road	-79.2477225	40.8531647	6
14628	"Detroit, Michigan"	-83.0457538	42.331427	4
14629	Detroit	-83.0457538	42.331427	4
14630	"Wendell, NC 27591"	-78.3697213	35.780987	4
14631	"Detroit, MI"	-83.0457538	42.331427	4
14632	"Detroit, Michigan"	-83.0457538	42.331427	4
14633	Detroit	-83.0457538	42.331427	4
14634	n/a	-69.6691186	-38.8233843	2
14635	n/a	-69.6691186	-38.8233843	2
14636	Michigan	-85.6023643	44.3148443	2
14637	"Detroit, MI"	-83.0457538	42.331427	4
14638	n/a	-69.6691186	-38.8233843	2
14639	"Toledo, Ohio"	-83.555212	41.6639383	4
14640	"Fort Bragg, NC"	0	0	0
14641	Newfoundland	-57.6604364	53.1355091	2
14642	Barwell	-1.346074	52.568021	4
14643	"Red Deer, Canada"	-113.8112386	52.2681118	4
14644	n/a	-69.6691186	-38.8233843	2
14645	n/a	-69.6691186	-38.8233843	2
14646	n/a	-69.6691186	-38.8233843	2
14647	"Charlotte, NC "	-80.8431267	35.2270869	4
14648	"??T: 43.165207,-79.282254"	21.8829365	60.9710439	6
14649	mexico city.	-99.133208	19.4326077	4
14650	n/a	-69.6691186	-38.8233843	2
14651	342 S 2050 W Cedar City UT 	0	0	0
14652	"??T: 53.302718,-113.597513"	26.3122637	42.6803561	6
14653	"Chapmanville, WV"	-82.0173502	37.9737114	4
14654	"Midland, MI"	-102.0779146	31.9973456	4
14655	"Whitby, Ontario, Canada"	-78.9429329	43.8975446	4
14656	n/a	-69.6691186	-38.8233843	2
14657	Iowa 	-93.097702	41.8780025	2
14658	"Birmingham, MI"	-86.80249	33.5206608	4
14659	"Southfield, Michigan"	-83.2218731	42.4733688	4
14660	"New York, NY"	-74.0059731	40.7143528	4
14661	Milpitas CA	-121.9066238	37.4282724	4
14662	"Brooklyn, NYC"	-73.95	40.65	4
14663	n/a	-69.6691186	-38.8233843	2
14664	"Smyrna, TN"	27.12872	38.41885	4
14665	USA	-95.712891	37.09024	1
14666	Venezuela	-66.58973	6.42375	1
14667	"Dearborn, MI"	-83.1763145	42.3222599	4
14668	Detroit. MI	-83.0457538	42.331427	4
14669	"Detroit,MI"	-83.0457538	42.331427	4
14670	"Birmingham, MI"	-86.80249	33.5206608	4
14671	Detroit Michigan	-83.0457538	42.331427	4
14672	n/a	-69.6691186	-38.8233843	2
14673	"Metro Detroit, Michigan"	-83.0790865	42.8105356	3
14674	New England	-70.8226541	43.9653889	3
14938	"Cleveland,Ohio"	-81.6954088	41.4994954	4
14939	"Cleveland, Ohio"	-81.6954088	41.4994954	4
14940	"Cleveland, OH"	-81.6954088	41.4994954	4
14941	"Cleveland, OH"	-81.6954088	41.4994954	4
14942	Bedford Ohio	-81.5365094	41.3931096	4
14943	"Cleveland, Ohio"	-81.6954088	41.4994954	4
14944	"Cleveland, Ohio"	-81.6954088	41.4994954	4
14945	"Cleveland, Ohio"	-81.6954088	41.4994954	4
14946	Cleveland	-81.6954088	41.4994954	4
14947	"Cleveland, Ohio"	-81.6954088	41.4994954	4
14948	"Cleveland,OH"	-81.6954088	41.4994954	4
14949	cleveland.	-81.6954088	41.4994954	4
14950	"Cleveland, OH"	-81.6954088	41.4994954	4
14951	"Cleveland, Ohio"	-81.6954088	41.4994954	4
14952	"Cleveland, Ohio"	-81.6954088	41.4994954	4
14953	"Cleveland, Ohio"	-81.6954088	41.4994954	4
14954	"Cleveland, OH"	-81.6954088	41.4994954	4
14955	"Cleveland, OH"	-81.6954088	41.4994954	4
14956	"??T: 41.53719,-81.55162"	-89.4574671	43.0361181	6
14957	"Cleveland, Ohio"	-81.6954088	41.4994954	4
15420	Tweeting	-122.12167	47.604536	9
15421	Tweeting	-122.12167	47.604536	9
15422	"Orlando, Florida"	-81.3792365	28.5383355	4
15423	"Columbus, Ohio"	-82.9987942	39.9611755	4
15424	"Columbus, Ohio"	-82.9987942	39.9611755	4
15425	"Columbus, Ohio"	-82.9987942	39.9611755	4
15749	"Brownsburg, IN"	-86.3977735	39.8433769	4
15750	"Indianapolis, IN"	-86.1579557	39.7685825	4
15751	"Plainfield, Indiana"	-74.4073736	40.6337136	4
15752	"Plainfield, Indiana"	-74.4073736	40.6337136	4
15753	"Indianapolis, IN 46260"	-86.1579557	39.7685825	4
15754	"Brownsburg, IN"	-86.3977735	39.8433769	4
15755	"Brownsburg, IN"	-86.3977735	39.8433769	4
15756	Plainfield Indiana	-86.3994387	39.7042123	4
15757	Indianapolis	-86.1579557	39.7685825	4
15758	"Plainfield, Indiana"	-74.4073736	40.6337136	4
15759	"Plainfield, Indiana"	-74.4073736	40.6337136	4
15760	"Plainfield, Indiana"	-74.4073736	40.6337136	4
15761	"Plainfield, Indiana"	-74.4073736	40.6337136	4
15762	"Plainfield, Indiana"	-74.4073736	40.6337136	4
15763	"Plainfield, Indiana"	-74.4073736	40.6337136	4
15764	"Plainfield, Indiana"	-74.4073736	40.6337136	4
15765	"Brownsburg, IN"	-86.3977735	39.8433769	4
16008	n/a	-69.6691186	-38.8233843	2
16009	Arvada	-105.0874842	39.8027644	4
16010	"Golden, Colorado"	-105.2210997	39.755543	4
16011	Arvada	-105.0874842	39.8027644	4
16012	"Denver, CO"	-104.9847179	39.737567	4
16013	Arvada	-105.0874842	39.8027644	4
16014	"Denver, Colorado."	-104.9847179	39.737567	4
16015	"Denver, Colo. "	-104.9847179	39.737567	4
16016	"Golden, Colorado"	-105.2210997	39.755543	4
16017	Arvada	-105.0874842	39.8027644	4
16018	"aurora, co"	-104.8319195	39.7294319	4
16019	Arvada	-105.0874842	39.8027644	4
16020	Denver Colorado	-104.9847179	39.737567	4
16021	Arvada	-105.0874842	39.8027644	4
16527	n/a	-69.6691186	-38.8233843	2
16528	n/a	-69.6691186	-38.8233843	2
16529	ESSEX	0.6673665	51.7659078	3
16530	"Baltimore, MD"	-76.6121893	39.2903848	4
16531	Baltimore	-76.6121893	39.2903848	4
16532	Baltimore MD	-76.6121893	39.2903848	4
16533	"Baltimore, MD"	-76.6121893	39.2903848	4
16534	"Baltimore, MD"	-76.6121893	39.2903848	4
16535	"Baltimore, MD"	-76.6121893	39.2903848	4
16536	"Baltimore, MD"	-76.6121893	39.2903848	4
16537	"BALTIMORE,MD"	-76.6121893	39.2903848	4
16763	"Palo Alto, CA"	-98.6659426	20.2861441	6
16764	"Santa Clara,ca"	-121.9552356	37.3541079	4
16765	"Palo Alto, CA"	-98.6659426	20.2861441	6
16766	"San Jose, California"	-121.8949555	37.3393857	4
16767	"Peel Hall, Manchester, UK"	-0.354811	53.7505025	9
16768	"Palo Alto, CA"	-98.6659426	20.2861441	6
16769	n/a	-69.6691186	-38.8233843	2
16770	6001 Washington Avenue	-87.852979	42.717274	8
16771	"San Jose, CA"	-121.8949555	37.3393857	4
16772	"Santa Clara,ca"	-121.9552356	37.3541079	4
16773	"Santa Clara,ca"	-121.9552356	37.3541079	4
16774	n/a	-69.6691186	-38.8233843	2
16775	"Great Yarmouth, Norfolk"	1.728047	52.598233	4
16776	"Pasco, WA "	-119.1005657	46.2395793	4
16777	n/a	-69.6691186	-38.8233843	2
16778	"Palo Alto, CA"	-98.6659426	20.2861441	6
16779	"Muscat, Oman"	58.54	23.61	4
16780	"Eden Prairie, MN "	-93.470786	44.8546856	4
16781	n/a	-69.6691186	-38.8233843	2
16782	n/a	-69.6691186	-38.8233843	2
16783	Detroit Girl	0	0	0
16784	N 40??X 24' 0'' / W 74??X 8' 0''	0	0	0
16785	canada	-106.346771	56.130366	1
16786	Pickering	-79.0867579	43.8384117	4
16787	Newfoundland	-57.6604364	53.1355091	2
16788	"L7E4C7,Bolton, Ontario, Canada"	-79.7058057	43.8547168	5
16789	Barwell	-1.346074	52.568021	4
16790	"Upper Marlboro, MD 20772"	-76.7496909	38.8159473	4
16791	n/a	-69.6691186	-38.8233843	2
16792	n/a	-69.6691186	-38.8233843	2
16793	n/a	-69.6691186	-38.8233843	2
16794	n/a	-69.6691186	-38.8233843	2
16795	"Chapmanville, WV"	-82.0173502	37.9737114	4
16796	"Oakland, CA"	-122.2711137	37.8043637	4
16797	"San Diego, CA"	-99.821927	20.6886441	6
16798	"Allen Park, Michigan"	-83.2110375	42.2575385	4
16799	n/a	-69.6691186	-38.8233843	2
16800	Michigan	-85.6023643	44.3148443	2
16801	"The Netherlands, Almelo"	5.291266	52.132633	1
16802	"Southfield, Michigan"	-83.2218731	42.4733688	4
16803	"Dearborn, MI"	-83.1763145	42.3222599	4
16804	"Palo Alto, CA"	-98.6659426	20.2861441	6
16805	"Richfield, OH"	-93.2830021	44.8832982	4
16806	"Atlanta, Georgia. Sometimes."	-84.3879824	33.7489954	4
16807	"Palo Alto, CA"	-98.6659426	20.2861441	6
16808	"Dallas, Texas"	-96.8004511	32.7801399	4
16809	"Palo Alto, CA"	-98.6659426	20.2861441	6
16810	San Jose City	-121.8949555	37.3393857	4
16811	"Derwood, MD"	-77.1611903	39.1174267	4
16812	Fondy	-88.4470508	43.7730448	4
16813	"Palo Alto, CA"	-98.6659426	20.2861441	6
16814	San Jose ???	-121.8949555	37.3393857	4
16815	Santa Clara	-121.9552356	37.3541079	4
16816	San Jose CA	0	0	0
17091	"Memphis, TN"	-90.0489801	35.1495343	4
17092	"California, USA"	-119.4179324	36.778261	2
17093	"Memphis, Tennessee"	-90.0489801	35.1495343	4
17094	"Germantown, Tennessee"	-77.2716502	39.1731621	4
17095	"Memphis, TN"	-90.0489801	35.1495343	4
17335	n/a	-69.6691186	-38.8233843	2
17336	"Grapevine, TX 76051"	-97.0780654	32.9342919	4
17337	DFW Texas	-97.0406533	32.8974493	9
17338	DFW Texas	-97.0406533	32.8974493	9
17339	NRH	-77.6674819	43.0848598	6
17340	DFW Texas	-97.0406533	32.8974493	9
17341	fort worth	-97.3208496	32.725409	4
17342	DFW Metroplex	-97.0406533	32.8974493	9
17343	DFW Texas	-97.0406533	32.8974493	9
17344	Canada	-106.346771	56.130366	1
17345	DFW Texas	-97.0406533	32.8974493	9
17388	US Airforce	0	0	0
17818	"Boise, Idaho, USA"	-116.20365	43.6140237	4
17819	"Jacksonville, FL"	-81.655651	30.3321838	4
17820	East Coast of United States	-118.1904585	33.7898516	6
17821	Jacksonville	-81.655651	30.3321838	4
17822	"Jacksonville, FL"	-81.655651	30.3321838	4
17823	East Coast of United States	-118.1904585	33.7898516	6
17824	East Coast of United States	-118.1904585	33.7898516	6
17825	"J'Ville, AL"	-81.655651	30.3321838	4
17826	Jacksonville 	-81.655651	30.3321838	4
18221	"Round Rock, Tx"	-97.678896	30.5082551	4
18222	"Austin, TX"	-97.7430608	30.267153	4
18223	"Austin, TX"	-97.7430608	30.267153	4
18224	"Austin, TX"	-97.7430608	30.267153	4
18225	"Round Rock, Tx"	-97.678896	30.5082551	4
18226	"Austin, Texas"	-97.7430608	30.267153	4
18227	"Austin, Tx"	-97.7430608	30.267153	4
18228	"Austin, TX"	-97.7430608	30.267153	4
18229	"Austin, TX"	-97.7430608	30.267153	4
18230	"Austin, TX"	-97.7430608	30.267153	4
18231	"Austin, TX"	-97.7430608	30.267153	4
18232	"Austin, TX"	-97.7430608	30.267153	4
18233	"Austin, TX USA"	-97.7430608	30.267153	4
18234	"Austin, TX"	-97.7430608	30.267153	4
18235	"Austin, TX"	-97.7430608	30.267153	4
18236	"Austin, TX USA"	-97.7430608	30.267153	4
18237	"Round Rock, Tx"	-97.678896	30.5082551	4
18238	"Austin, TX"	-97.7430608	30.267153	4
18239	"Austin, TX"	-97.7430608	30.267153	4
18240	"Round Rock, Tx"	-97.678896	30.5082551	4
18241	"Austin, TX"	-97.7430608	30.267153	4
18242	"Austin, Tx"	-97.7430608	30.267153	4
18243	"Austin, TX"	-97.7430608	30.267153	4
18244	"Round Rock, Tx"	-97.678896	30.5082551	4
18245	"Austin, TX"	-97.7430608	30.267153	4
18246	"Austin, Tx"	-97.7430608	30.267153	4
18247	somewhere	-6.7148821	53.9807737	6
18248	"Austin, TX"	-97.7430608	30.267153	4
18249	UK	-3.435973	55.378051	1
18250	"Austin, TX"	-97.7430608	30.267153	4
18251	"Round Rock, Tx"	-97.678896	30.5082551	4
18252	Oxfordshire	-1.2464674	51.7612056	3
18253	"Austin, Texas USA"	-97.7430608	30.267153	4
18867	"New Orleans, Louisiana"	-90.0715323	29.9510658	4
18868	"New Orleans, Louisiana, USA"	-90.0715323	29.9510658	4
18869	USA	-95.712891	37.09024	1
18870	Greater Seattle Area	0	0	0
18871	Greater Seattle Area	0	0	0
18872	Uptown New Orleans	-90.1214235	29.9393052	4
19190	UK	-3.435973	55.378051	1
19191	Nashville TN	0	0	0
19192	"Brentwood, TN"	-121.6957863	37.931868	4
19193	"Nashville, TN"	-86.7833333	36.1666667	4
19194	Vanderbilt University	-86.8022648	36.1483267	9
19195	"Goodlettsville, TN"	-86.7133302	36.3231066	4
19301	"Oklahoma City, OK"	-97.5164276	35.4675602	4
19376	New York	-74.0059731	40.7143528	4
19392	"Boston, MA"	-71.0597732	42.3584308	4
19413	Chicago IL	-87.6297982	41.8781136	4
19414	"25 ave , Illnois 60625 Chicago"	-89.0931582	30.381612	6
19415	Chicago IL	-87.6297982	41.8781136	4
19467	n/a	-69.6691186	-38.8233843	2
19468	"Los Angeles, CA"	-118.2436849	34.0522342	4
19595	philadelphia	-75.163789	39.952335	4
19643	"DALLAS,TEXAS"	-96.8004511	32.7801399	4
19673	Bay Area	-122.25	37.7141454	3
19694	Seattle	-122.3320708	47.6062095	4
19705	"Wisconsin, Milwaukee"	-88.7878678	43.7844397	2
19848	Jacksoville  Fla	-81.655651	30.3321838	4
19880	"Nashville, Tenn."	-86.7833333	36.1666667	4
19898	"Baltimore, Maryland"	-76.6121893	39.2903848	4
19952	NYC	-74.0059731	40.7143528	4
19979	Chicago	-87.6297982	41.8781136	4
20011	n/a	-69.6691186	-38.8233843	2
20067	San Diego	-99.821927	20.6886441	6
20175	East Coast of United States	-118.1904585	33.7898516	6
20451	"Washington, DC"	-77.0363658	38.8951118	4
20452	"Washington, DC"	-77.0363658	38.8951118	4
20453	Toronto	-79.3831843	43.653226	4
20454	"Washington, DC"	-77.0363658	38.8951118	4
20455	"Washington, DC"	-77.0363658	38.8951118	4
20456	"Washington, DC"	-77.0363658	38.8951118	4
20457	"Washington, DC"	-77.0363658	38.8951118	4
20458	"Danville, KY, USA"	-121.9999606	37.8215929	4
20459	"Washington, DC"	-77.0363658	38.8951118	4
20460	"Silver Spring, MD"	-77.026088	38.9906657	4
23111	"Recife, BR"	-34.8812561	-8.0542775	4
23112	n/a	-69.6691186	-38.8233843	2
23113	Ny &amp Jersey 	-74.0059731	40.7143528	4
23114	"New York, NY"	-74.0059731	40.7143528	4
23115	New York	-74.0059731	40.7143528	4
23116	"New York, NY"	-74.0059731	40.7143528	4
23117	"New York, NY"	-74.0059731	40.7143528	4
23118	New York City	0	0	0
23119	North Jersey 	-2.13125	49.214439	1
23120	New York	-74.0059731	40.7143528	4
23121	"New York, NY"	-74.0059731	40.7143528	4
23122	"Linden, NJ"	-87.8394704	35.6172917	4
23123	n/a	-69.6691186	-38.8233843	2
23124	New York	-74.0059731	40.7143528	4
23125	New York	-74.0059731	40.7143528	4
23126	"New York, NY"	-74.0059731	40.7143528	4
23127	NYC	-74.0059731	40.7143528	4
23128	"New York, NY"	-74.0059731	40.7143528	4
23129	New York	-74.0059731	40.7143528	4
27234	"Everett, MA"	-122.2020794	47.9789848	4
27235	"Boston, MA"	-71.0597732	42.3584308	4
27236	"Stoneham, MA 02180"	-71.0999719	42.4802469	4
27237	"Medford, Ma"	-122.8755949	42.3265152	4
27238	"Boston, MA"	-71.0597732	42.3584308	4
27239	"Needham, MA"	-71.2377548	42.2809285	4
27240	Cambridge	-71.1097335	42.3736158	4
27241	n/a	-69.6691186	-38.8233843	2
27242	"Boston, MA"	-71.0597732	42.3584308	4
28713	Metro Chicago	-87.6297982	41.8781136	4
28714	"Chicago, IL"	-87.6297982	41.8781136	4
28715	"??T: 41.923811,-87.678312"	12.5627105	57.4433142	6
30790	"Los Angeles, CA"	-118.2436849	34.0522342	4
30791	Los Angeles	-118.2436849	34.0522342	4
30792	"Los Angeles, CA"	-118.2436849	34.0522342	4
30793	Los Angeles	-118.2436849	34.0522342	4
30794	Los Angeles	-118.2436849	34.0522342	4
30795	19701 Sherman Way	0	0	0
30796	Los Angeles	-118.2436849	34.0522342	4
34078	San Francisco	-122.4194155	37.7749295	4
34079	"Earth, often San Francisco"	-102.4107493	34.2331373	4
35570	"philadelphia,pa"	-75.163789	39.952335	4
35571	"Philadelphia, PA"	-75.163789	39.952335	4
35572	"philadelphia,pa"	-75.163789	39.952335	4
36567	"Scottsdale, AZ"	-111.9260519	33.4941704	4
36568	"Phoenix, AZ"	-112.0740373	33.4483771	4
36569	"Scottsdale, Arizona USA"	-111.9260519	33.4941704	4
37115	San Diego	-99.821927	20.6886441	6
37116	"San Diego, CA"	-99.821927	20.6886441	6
37117	"San Diego, California!"	-99.821927	20.6886441	6
39052	"Mesquite, TX"	-96.5991593	32.7667955	4
39053	"Mesquite, TX"	-96.5991593	32.7667955	4
39054	Dallas	-96.8004511	32.7801399	4
39055	Dallas	-96.8004511	32.7801399	4
39056	"Irving, TX"	-96.9488945	32.8140177	4
39057	n/a	-69.6691186	-38.8233843	2
39058	DFW Texas	-97.0406533	32.8974493	9
39059	"Irving, TX"	-96.9488945	32.8140177	4
39060	Los Angeles	-118.2436849	34.0522342	4
39061	"Dallas, Texas"	-96.8004511	32.7801399	4
39062	"Dallas, Texas"	-96.8004511	32.7801399	4
39063	"Dallas, Texas"	-96.8004511	32.7801399	4
40373	Bay Area	-122.25	37.7141454	3
40374	"Houston,Tx"	-95.3693896	29.7601927	4
40375	Worldwide	-84.7227071	39.0841968	6
40376	"Houston, Texas"	-95.3693896	29.7601927	4
40377	Houston TX	-95.3693896	29.7601927	4
40378	Houston TX	-95.3693896	29.7601927	4
40379	n/a	-69.6691186	-38.8233843	2
40380	"HOUSTON,TX"	-95.3693896	29.7601927	4
40381	worldwide	-84.7227071	39.0841968	6
43489	Seattle	-122.3320708	47.6062095	4
43490	"Seattle, WA"	-122.3320708	47.6062095	4
43491	Seattle	-122.3320708	47.6062095	4
44422	Camas WA	-122.3995363	45.5870631	4
44423	"Portland, OR"	-122.6762071	45.5234515	4
45072	"Milwaukee, WI"	-87.9064736	43.0389025	4
45073	Sussex	-88.2220372	43.1338972	4
45074	Sussex	-88.2220372	43.1338972	4
45075	"??T: 43.241776,-87.986445"	21.8829365	60.9710439	6
46045	"Rochester Hills, Michigan"	-83.1499322	42.6583661	4
46046	"Detroit, Mi."	-83.0457538	42.331427	4
46047	"St. Clair Shores, MI"	-82.9002778	42.4955556	4
46048	"Detroit, MI"	-83.0457538	42.331427	4
46049	"Detroit,MI USA"	-83.0457538	42.331427	4
46050	"Detroit,MI"	-83.0457538	42.331427	4
46051	New York	-74.0059731	40.7143528	4
46052	Detroit	-83.0457538	42.331427	4
46053	n/a	-69.6691186	-38.8233843	2
46054	"Pasco, WA "	-119.1005657	46.2395793	4
46055	n/a	-69.6691186	-38.8233843	2
46056	New Car Mark??? HQ	0	0	0
46057	AMERICAS ?? EUR ?? ASIA ?? AFR	0	0	0
46058	Mississauga ON	-79.6441198	43.5890452	4
46059	n/a	-69.6691186	-38.8233843	2
46060	"Detroit, MI"	-83.0457538	42.331427	4
46061	"Westland, MI"	-83.400211	42.324204	4
46062	Take me to the King	0	0	0
46063	New York City	0	0	0
46064	"Auburn Hills, Michigan"	-83.2341028	42.6875323	4
46065	Detroit	-83.0457538	42.331427	4
46066	Detroit	-83.0457538	42.331427	4
46067	The Nations	7.3015032	47.7363124	9
46068	"Hannibal, MO"	-91.3584816	39.7083789	4
46069	Everywhere	-91.8479332	37.6658757	0
46070	Detroit	-83.0457538	42.331427	4
46071	"Ann Arbor, MI"	-83.7430378	42.2808256	4
46072	"Warrensburg, MO"	-93.7360498	38.7627893	4
46073	"Detroit, Michigan USA"	-83.0457538	42.331427	4
46074	"Detroit, Michigan"	-83.0457538	42.331427	4
46075	"Guadalajara, Jal."	-103.3356272	20.689992	4
46076	"Syracuse,NY"	-76.1474244	43.0481221	4
46077	UMD College Park	-76.9401399	38.9885343	9
46078	"Picton,NZ"	174.0010044	-41.2905926	4
46079	"Dearborn, MI"	-83.1763145	42.3222599	4
46080	"Ennis, Texas"	-96.6252679	32.3293111	4
46081	"St. Clair Shores, MI"	-82.9002778	42.4955556	4
46082	"Detroit,MI"	-83.0457538	42.331427	4
46083	"Dubai, UAE"	55.307485	25.271139	4
46084	"Dubai, UAE"	55.307485	25.271139	4
47264	Cleveland Ohio	-81.6954088	41.4994954	4
47265	Pacific Northwest	-123.8264512	46.5180824	3
47266	"Cleveland, Ohio"	-81.6954088	41.4994954	4
47800	"Columbus, Ohio"	-82.9987942	39.9611755	4
48172	"Brownsburg, IN"	-86.3977735	39.8433769	4
48173	"Plainfield, Indiana"	-74.4073736	40.6337136	4
48174	"Plainfield, Indiana"	-74.4073736	40.6337136	4
48175	"Plainfield, Indiana"	-74.4073736	40.6337136	4
48176	"Plainfield, Indiana"	-74.4073736	40.6337136	4
48177	"Plainfield, Indiana"	-74.4073736	40.6337136	4
48589	"Westminster, CO"	-105.0372046	39.8366528	4
48590	"Littlefun, CO"	0	0	0
49435	"Baltimore, MD "	-76.6121893	39.2903848	4
50203	"San Jose, CA"	-121.8949555	37.3393857	4
50204	"Mountain View, CA"	-122.0838511	37.3860517	4
50205	"San Jose, CA"	-121.8949555	37.3393857	4
50206	"Mountain View, CA"	-122.0838511	37.3860517	4
50207	"San Jose, CA"	-121.8949555	37.3393857	4
50981	DFW Texas	-97.0406533	32.8974493	9
51975	"Round Rock, Tx"	-97.678896	30.5082551	4
51976	"Austin, Tx"	-97.7430608	30.267153	4
51977	Austin	-97.7430608	30.267153	4
51978	"Round Rock, Tx"	-97.678896	30.5082551	4
51979	"Austin, Tx"	-97.7430608	30.267153	4
51980	"Austin, TX"	-97.7430608	30.267153	4
52685	"New Orleans, Louisiana"	-90.0715323	29.9510658	4
52686	n/a	-69.6691186	-38.8233843	2
52687	Greater Seattle Area	0	0	0
53020	"Nashville, TN"	-86.7833333	36.1666667	4
53021	"Nashville, TN"	-86.7833333	36.1666667	4
53713	n/a	-69.6691186	-38.8233843	2
53714	Washington	-77.0363658	38.8951118	4
53715	"Washington, DC"	-77.0363658	38.8951118	4
53716	Arlington	-97.1080656	32.735687	4
53717	"Washington, D.C. "	-77.0363658	38.8951118	4
53718	washington:)	-77.0363658	38.8951118	4
53719	Bethesda MD	-77.0947092	38.984652	4
53720	"Alexandria, Va."	-77.0469214	38.8048355	4
53721	"Washington, D.C. "	-77.0363658	38.8951118	4
53722	n/a	-69.6691186	-38.8233843	2
53723	"Royal Oak, Michigan"	-83.1446485	42.4894801	4
53724	"Washington, DC"	-77.0363658	38.8951118	4
53725	"Washington, DC"	-77.0363658	38.8951118	4
53726	Arlington	-97.1080656	32.735687	4
53727	"washington, DC"	-77.0363658	38.8951118	4
53858	"Washington Heights, NY"	-73.9389213	40.8401451	4
53859	"New York, NY"	-74.0059731	40.7143528	4
53860	"Recife, BR"	-34.8812561	-8.0542775	4
53861	"Long island, NY"	-73.1349605	40.7891424	0
53862	New York	-74.0059731	40.7143528	4
53863	New York	-74.0059731	40.7143528	4
53864	New York	-74.0059731	40.7143528	4
53865	n/a	-69.6691186	-38.8233843	2
53866	"New York, NY"	-74.0059731	40.7143528	4
53867	"Long Island, New York."	-73.1349605	40.7891424	0
53868	New York City	0	0	0
53869	n/a	-69.6691186	-38.8233843	2
53870	New York	-74.0059731	40.7143528	4
53871	New York	-74.0059731	40.7143528	4
53872	New York	-74.0059731	40.7143528	4
53873	NY	-74.0059731	40.7143528	4
53874	NOLA	7.5710591	45.2413798	4
53875	New York City	0	0	0
53876	n/a	-69.6691186	-38.8233843	2
53877	New York	-74.0059731	40.7143528	4
53878	New York	-74.0059731	40.7143528	4
53879	New York	-74.0059731	40.7143528	4
53880	Wall St.	0	0	0
53881	"New York, USA"	-74.0059731	40.7143528	4
53882	New York	-74.0059731	40.7143528	4
53883	New York	-74.0059731	40.7143528	4
53884	New York	-74.0059731	40.7143528	4
53885	Boss city	0	0	0
53886	"New York, NY"	-74.0059731	40.7143528	4
53887	New York	-74.0059731	40.7143528	4
53888	New York	-74.0059731	40.7143528	4
53889	NY	-74.0059731	40.7143528	4
53890	New York	-74.0059731	40.7143528	4
53891	Singapour	103.819836	1.352083	1
53892	"New York, NY"	-74.0059731	40.7143528	4
53893	New York	-74.0059731	40.7143528	4
53894	New York	-74.0059731	40.7143528	4
53895	Thames Street.	-71.3146234	41.483432	6
53896	NYC	-74.0059731	40.7143528	4
53897	New York City	0	0	0
53898	New York	-74.0059731	40.7143528	4
53899	"New York, NY"	-74.0059731	40.7143528	4
53900	shIt HeLl	0	0	0
54064	Boston	-71.0597732	42.3584308	4
54065	n/a	-69.6691186	-38.8233843	2
54066	n/a	-69.6691186	-38.8233843	2
54067	"Connecticut, U.S.A."	-73.087749	41.6032207	2
54068	"McPherson, KS"	-97.6642087	38.3708415	4
54069	n/a	-69.6691186	-38.8233843	2
54070	"Harvard Square, Cambridge, MA"	0	0	0
54071	"Clemson, SC"	-82.8373654	34.6834382	4
54072	n/a	-69.6691186	-38.8233843	2
54073	"Harvard Square, Cambridge, MA"	0	0	0
54074	"Boston,Ma"	-71.0597732	42.3584308	4
54075	"Boston,Ma"	-71.0597732	42.3584308	4
54076	"Boston,Ma"	-71.0597732	42.3584308	4
54077	"Boston, MA"	-71.0597732	42.3584308	4
54078	Boston Ma	-71.0597732	42.3584308	4
54079	Boston Ma	-71.0597732	42.3584308	4
54080	"Boston, MA"	-71.0597732	42.3584308	4
54081	"Milton, MA"	-79.8774042	43.5182991	4
54082	"Weymouth, MA"	-2.457621	50.6144279	4
54083	n/a	-69.6691186	-38.8233843	2
54084	Boston	-71.0597732	42.3584308	4
54085	"Watertown, MA"	-71.1828321	42.3709299	4
54151	"Chicago, Milwaukee"	-87.6297982	41.8781136	4
54152	"??T: 41.923811,-87.678312"	12.5627105	57.4433142	6
54153	"25 ave , Illnois 60625 Chicago"	-89.0931582	30.381612	6
54154	"Chicago, Illinois"	-87.6297982	41.8781136	4
54155	"Chicago, IL"	-87.6297982	41.8781136	4
54156	Chicago	-87.6297982	41.8781136	4
54157	Chicago	-87.6297982	41.8781136	4
54158	Metro Chicago	-87.6297982	41.8781136	4
54159	Chicago	-87.6297982	41.8781136	4
54160	Chicago	-87.6297982	41.8781136	4
54161	Chicago	-87.6297982	41.8781136	4
54162	"Chicago, Illinois"	-87.6297982	41.8781136	4
54163	"Chicago, IL"	-87.6297982	41.8781136	4
54164	Chicago (Wicker Park)	-87.6758863	41.9074396	4
54165	"Countryside, IL"	-77.4176279	39.052361	4
54166	"Countryside, IL"	-77.4176279	39.052361	4
54282	Downtown           Los Angeles	-118.2436849	34.0522342	4
54283	Pasadena California	-118.1445155	34.1477849	4
54284	"Santa Monica, California"	-118.4911912	34.0194543	4
54285	"El Segundo, CA"	-118.4164652	33.9191799	4
54286	"Los Angeles, CA"	-118.2436849	34.0522342	4
54287	Los Angeles	-118.2436849	34.0522342	4
54288	n/a	-69.6691186	-38.8233843	2
54289	"Los Angeles, CA"	-118.2436849	34.0522342	4
54290	"Los Angeles, CA"	-118.2436849	34.0522342	4
54291	"Los Angeles, CA"	-118.2436849	34.0522342	4
54292	"Los Angeles, CA"	-118.2436849	34.0522342	4
54293	CA	-119.4179324	36.778261	2
54294	"Downtown Los Angeles, CA"	-118.2436849	34.0522342	4
54295	"Palo Alto, CA"	-98.6659426	20.2861441	6
54296	"Los Angeles, CA"	-118.2436849	34.0522342	4
54297	Los Angeles	-118.2436849	34.0522342	4
54298	Los Angeles	-118.2436849	34.0522342	4
54299	19701 Sherman Way	0	0	0
54300	"Pasadena, CA"	-118.1445155	34.1477849	4
54301	Los Angeles	-118.2436849	34.0522342	4
54302	"Los Angeles, CA"	-118.2436849	34.0522342	4
54303	"Santa Monica, CA"	-118.4911912	34.0194543	4
54304	"Pasadena, CA"	-118.1445155	34.1477849	4
54305	Los Angeles	-118.2436849	34.0522342	4
54306	"San Gabriel, CA 91775"	-118.1058333	34.0961111	4
54307	"??T: 34.105409,-118.242055"	15.2223006	49.4156776	6
54308	Los Angeles	-118.2436849	34.0522342	4
54309	"Los Angeles, CA"	-118.2436849	34.0522342	4
54310	Los Angeles	-118.2436849	34.0522342	4
54311	Los Angeles	-118.2436849	34.0522342	4
54312	"Los Angeles, CA"	-118.2436849	34.0522342	4
54467	"San Francisco, CA"	-122.4194155	37.7749295	4
54468	"Berkeley, CA"	-122.272747	37.8715926	4
54469	"Berkeley, CA"	-122.272747	37.8715926	4
54470	San Francisco	-122.4194155	37.7749295	4
54471	San Francisco	-122.4194155	37.7749295	4
54472	"San Francisco, California"	-122.4194155	37.7749295	4
54473	"San Francisco, CA"	-122.4194155	37.7749295	4
54474	"San Francisco, CA"	-122.4194155	37.7749295	4
54475	n/a	-69.6691186	-38.8233843	2
54476	San Francisco	-122.4194155	37.7749295	4
54477	San Francisco	-122.4194155	37.7749295	4
54531	Philly	-75.163789	39.952335	4
54532	"Pennsylvania, Philadelphia"	-77.1945247	41.2033216	2
54533	"Philadelphia, PA"	-75.163789	39.952335	4
54534	n/a	-69.6691186	-38.8233843	2
54535	n/a	-69.6691186	-38.8233843	2
54536	Philly x Worldwide ????????	-75.0503159	40.0323461	9
54537	"Mount Laurel, NJ"	-74.9002778	39.9488889	4
54538	Philadelphia Area	-75.163789	39.952335	4
54539	"Doha, Qatar"	51.522476	25.280282	4
54540	Philly	-75.163789	39.952335	4
54541	Philly x Worldwide ????????	-75.0503159	40.0323461	9
54542	n/a	-69.6691186	-38.8233843	2
54543	Philly x Worldwide ????????	-75.0503159	40.0323461	9
54544	"Lawrenceville, NJ 08648"	-83.9879625	33.9562149	4
54545	"Ambler, PA"	-75.2215651	40.1545535	4
54546	"Ambler, PA"	-75.2215651	40.1545535	4
54547	"Langhorne, PA"	-74.9226665	40.1745538	4
54602	"mesa, arizona"	-111.8314724	33.4151843	4
54603	"Phoenix, Arizona "	-112.0740373	33.4483771	4
54604	"Phoenix, Arizona"	-112.0740373	33.4483771	4
54605	"Phoenix, AZ"	-112.0740373	33.4483771	4
54606	"Phoenix, AZ"	-112.0740373	33.4483771	4
54607	"Phoenix, Arizona"	-112.0740373	33.4483771	4
54608	Phoenix AZ	-112.0740373	33.4483771	4
54626	San Diego	-99.821927	20.6886441	6
54627	San Diego	-99.821927	20.6886441	6
54628	"San Diego, CA"	-99.821927	20.6886441	6
54680	Sierra Foothills	-111.987781	33.324043	9
54681	Northeast	27.4556388	-20.9030555	2
54682	"cowtown, tx"	-111.8616807	32.9409965	6
54683	"Dallas, Tx"	-96.8004511	32.7801399	4
54684	"Dallas, TX"	-96.8004511	32.7801399	4
54685	"Grapevine, TX 76051"	-97.0780654	32.9342919	4
54686	Dallas	-96.8004511	32.7801399	4
54687	DFW Texas	-97.0406533	32.8974493	9
54688	"Irving, TX"	-96.9488945	32.8140177	4
54689	"Irving, TX"	-96.9488945	32.8140177	4
54690	"Dallas,Texas"	-96.8004511	32.7801399	4
54691	DFW Texas	-97.0406533	32.8974493	9
54692	"Irving, TX"	-96.9488945	32.8140177	4
54693	n/a	-69.6691186	-38.8233843	2
54694	Northeast USA	-99.9018131	41.4925374	2
54695	"Dallas, TX"	-96.8004511	32.7801399	4
54696	"DFW, TX"	-97.0406533	32.8974493	9
54697	Dallas	-96.8004511	32.7801399	4
54756	"Houston,Tx"	-95.3693896	29.7601927	4
54757	"Houston,Tx"	-95.3693896	29.7601927	4
54758	"Houston, Texas"	-95.3693896	29.7601927	4
54759	"Doha, Qatar"	51.522476	25.280282	4
54760	Worldwide	-84.7227071	39.0841968	6
54761	"Houston,Tx"	-95.3693896	29.7601927	4
54762	Brunei Darussalam	114.727669	4.535277	1
54763	Worldwide	-84.7227071	39.0841968	6
54764	Worldwide	-84.7227071	39.0841968	6
54765	"Houston, TX"	-95.3693896	29.7601927	4
54766	Worldwide	-84.7227071	39.0841968	6
54767	Worldwide	-84.7227071	39.0841968	6
54768	Worldwide	-84.7227071	39.0841968	6
54769	"Houston, TX"	-95.3693896	29.7601927	4
54770	"Houston, Texas"	-95.3693896	29.7601927	4
54771	"Houston,TX"	-95.3693896	29.7601927	4
54772	Worldwide	-84.7227071	39.0841968	6
54773	Worldwide	-84.7227071	39.0841968	6
54774	Worldwide	-84.7227071	39.0841968	6
54775	"Houston, TX"	-95.3693896	29.7601927	4
54776	"Houston, TX"	-95.3693896	29.7601927	4
54777	"Houston, TX"	-95.3693896	29.7601927	4
54778	"Atlanta, Ga"	-84.3879824	33.7489954	4
54779	n/a	-69.6691186	-38.8233843	2
54995	n/a	-69.6691186	-38.8233843	2
54996	New world 	-94.3593993	31.3041699	6
55024	"Seattle, United States"	-122.3320708	47.6062095	4
55025	"Seattle, WA"	-122.3320708	47.6062095	4
55026	"Seattle, WA"	-122.3320708	47.6062095	4
55027	"Seattle, WA"	-122.3320708	47.6062095	4
55044	Portland	-122.6762071	45.5234515	4
55045	"Vancouver, WA"	-123.1139268	49.261226	4
55046	"Portland, Oregon"	-122.6762071	45.5234515	4
55047	Portland	-122.6762071	45.5234515	4
55048	Vancouver B.C	-123.1139268	49.261226	4
55056	Sussex	-88.2220372	43.1338972	4
55057	Sussex	-88.2220372	43.1338972	4
55058	"Milwaukee, WI"	-87.9064736	43.0389025	4
55059	"Milwaukee, WI"	-87.9064736	43.0389025	4
55060	"Waukesha, WI"	-88.2314813	43.0116784	4
55061	"Waukesha, WI"	-88.2314813	43.0116784	4
55083	"Westland, MI"	-83.400211	42.324204	4
55084	"Detroit, Michigan"	-83.0457538	42.331427	4
55085	"Westland, MI"	-83.400211	42.324204	4
55086	"Detroit, Michigan"	-83.0457538	42.331427	4
55087	"Madison Heights, MI"	-83.1052028	42.4858692	4
55088	"Auburn Hills, MI"	-83.2341028	42.6875323	4
55089	Detroit. MI	-83.0457538	42.331427	4
55090	48021	-82.9447782	42.466205	5
55091	48021	-82.9447782	42.466205	5
55092	"ON YOUR SIDE, SO CHILL!"	-118.4327656	33.9969115	9
55093	"Detroit, MI USA"	-83.0457538	42.331427	4
55094	Diamond Auto Lease &amp Sales	0	0	0
55095	"Detroit, MI"	-83.0457538	42.331427	4
55096	The Open Road	-79.2477225	40.8531647	6
55097	"Detroit, Michigan"	-83.0457538	42.331427	4
55098	Detroit	-83.0457538	42.331427	4
55099	"Detroit, MI"	-83.0457538	42.331427	4
55100	"Detroit, Michigan"	-83.0457538	42.331427	4
55101	Detroit	-83.0457538	42.331427	4
55102	n/a	-69.6691186	-38.8233843	2
55103	"St. Clair Shores, MI"	-82.9002778	42.4955556	4
55104	n/a	-69.6691186	-38.8233843	2
55105	"Detroit,Michigan"	-83.0457538	42.331427	4
55106	Detroit	-83.0457538	42.331427	4
55107	"St. Clair Shores, MI"	-82.9002778	42.4955556	4
55108	LIVONIA MICHIGAN 	-83.3527097	42.36837	4
55109	"St. Clair Shores, MI"	-82.9002778	42.4955556	4
55110	"St. Clair Shores, MI"	-82.9002778	42.4955556	4
55124	"Cleveland,Ohio"	-81.6954088	41.4994954	4
55125	"Cleveland, Ohio"	-81.6954088	41.4994954	4
55126	"Cleveland, OH"	-81.6954088	41.4994954	4
55127	"Cleveland, OH"	-81.6954088	41.4994954	4
55128	"Cleveland, OH"	-81.6954088	41.4994954	4
55140	"Columbus, Ohio"	-82.9987942	39.9611755	4
55141	Tweeting	-122.12167	47.604536	9
55142	n/a	-69.6691186	-38.8233843	2
55143	Tweeting	-122.12167	47.604536	9
55149	"Plainfield, Indiana"	-74.4073736	40.6337136	4
55150	"Plainfield, Indiana"	-74.4073736	40.6337136	4
55151	"Plainfield, Indiana"	-74.4073736	40.6337136	4
55152	"Plainfield, Indiana"	-74.4073736	40.6337136	4
55153	"Plainfield, Indiana"	-74.4073736	40.6337136	4
55154	"Plainfield, Indiana"	-74.4073736	40.6337136	4
55155	"Plainfield, Indiana"	-74.4073736	40.6337136	4
55156	"Plainfield, Indiana"	-74.4073736	40.6337136	4
55160	Arvada	-105.0874842	39.8027644	4
55176	Baltimore MD	-76.6121893	39.2903848	4
55182	"San Jose, CA"	-121.8949555	37.3393857	4
55183	"Santa Clara,ca"	-121.9552356	37.3541079	4
55184	"San Jose, California"	-121.8949555	37.3393857	4
55185	n/a	-69.6691186	-38.8233843	2
55186	"San Jose, CA"	-121.8949555	37.3393857	4
55187	Makati	121.0244452	14.554729	4
55188	San Jose City	-121.8949555	37.3393857	4
55196	"Memphis, TN"	-90.0489801	35.1495343	4
55197	"Memphis, Tennessee"	-90.0489801	35.1495343	4
55198	"Memphis, Tennessee"	-90.0489801	35.1495343	4
55202	"Grapevine, TX 76051"	-97.0780654	32.9342919	4
55203	DFW Texas	-97.0406533	32.8974493	9
55204	DFW Texas	-97.0406533	32.8974493	9
55205	"DFW, TX"	-97.0406533	32.8974493	9
55206	"Fort Worth, TX"	-97.3208496	32.725409	4
55255	East Coast of United States	-118.1904585	33.7898516	6
55256	"Jacksonville, FL"	-81.655651	30.3321838	4
55259	n/a	-69.6691186	-38.8233843	2
55265	"Kenner, La"	-90.2417434	29.9940924	4
55266	"Kenner, La"	-90.2417434	29.9940924	4
55267	"New Orleans, Louisiana"	-90.0715323	29.9510658	4
55271	"Nashville, Tenn."	-86.7833333	36.1666667	4
55272	"Nashville, TN"	-86.7833333	36.1666667	4
55273	"okc,ok"	-97.5164276	35.4675602	4
55339	"New York, NY"	-74.0059731	40.7143528	4
55564	"philadelphia,pa"	-75.163789	39.952335	4
55598	 Nashville TN USA	-86.7833333	36.1666667	4
55819	"Cleveland, Ohio"	-81.6954088	41.4994954	4
55820	"Cleveland, Ohio"	-81.6954088	41.4994954	4
55821	"Cleveland, Ohio"	-81.6954088	41.4994954	4
55822	"Cleveland, Ohio"	-81.6954088	41.4994954	4
55823	"Cleveland, Ohio"	-81.6954088	41.4994954	4
55911	"Austin, TX"	-97.7430608	30.267153	4
56032	"Bowie, MD"	-76.7791365	39.0067768	4
56033	"Washington, DC"	-77.0363658	38.8951118	4
56034	"Washington, DC"	-77.0363658	38.8951118	4
56035	"Washington, DC"	-77.0363658	38.8951118	4
56036	"Washington, DC"	-77.0363658	38.8951118	4
56840	"Jersey, New"	-2.13125	49.214439	1
56841	"??T: 40.718364,-74.072714"	34.81035	31.198032	6
56842	"Long Island, NY"	-73.1349605	40.7891424	0
56843	"New York City, USA"	0	0	0
56844	NY	-74.0059731	40.7143528	4
57462	"Logan Square-Chicago, IL"	-87.7123355	41.9217382	4
57811	"Santa Monica, CA"	-118.4911912	34.0194543	4
57812	Los Angeles	-118.2436849	34.0522342	4
57813	London	-0.1276831	51.5073346	4
57814	"Rio de Janeiro, Brasil"	-43.2095869	-22.9035393	4
57815	London UK	0	0	0
57816	n/a	-69.6691186	-38.8233843	2
57817	Los Angeles	-118.2436849	34.0522342	4
58101	"San Francisco, Ca"	-122.4194155	37.7749295	4
58102	"san francisco, ca"	-122.4194155	37.7749295	4
58103	"San Francisco, CA"	-122.4194155	37.7749295	4
58104	"San Francisco, CA"	-122.4194155	37.7749295	4
58105	"San Francisco, CA"	-122.4194155	37.7749295	4
58261	n/a	-69.6691186	-38.8233843	2
58262	I'm lost 	0	0	0
58263	Philly	-75.163789	39.952335	4
58264	"Trevose, Pennsylvania USA"	-74.9813889	40.139167	4
58599	"Irving, TX"	-96.9488945	32.8140177	4
58600	"Franklin, WI"	-86.8688899	35.9250637	4
58601	"Dallas, Texas"	-96.8004511	32.7801399	4
58807	"Doha, Qatar"	51.522476	25.280282	4
58808	"Doha, Qatar"	51.522476	25.280282	4
58809	"Doha, Qatar"	51.522476	25.280282	4
58810	"Houston, TX"	-95.3693896	29.7601927	4
58811	"Houston, TX"	-95.3693896	29.7601927	4
58812	"Houston, TX"	-95.3693896	29.7601927	4
58813	"Houston, TX"	-95.3693896	29.7601927	4
58814	"Houston, TX"	-95.3693896	29.7601927	4
58815	"Houston, TX"	0	0	0
58816	"Doha, Qatar"	51.522476	25.280282	4
58817	"Doha, Qatar"	51.522476	25.280282	4
58818	"Doha, Qatar"	51.522476	25.280282	4
58819	"Houston, TX"	-95.3693896	29.7601927	4
58820	"Houston,Tx"	-95.3693896	29.7601927	4
58821	"Houston, TX"	-95.3693896	29.7601927	4
58822	"Houston, TX"	-95.3693896	29.7601927	4
58823	"Doha, Qatar"	51.522476	25.280282	4
58824	"Houston, TX"	-95.3693896	29.7601927	4
58825	n/a	-69.6691186	-38.8233843	2
58826	"Houston, Tx"	-95.3693896	29.7601927	4
59375	Seattle	-122.3320708	47.6062095	4
59376	"Seattle, WA"	-122.3320708	47.6062095	4
59377	"Renton, WA"	-122.2170661	47.4828776	4
59491	"Portland, OR"	-122.6762071	45.5234515	4
59492	Camas WA	-122.3995363	45.5870631	4
59878	"St. Clair Shores, MI"	-82.9002778	42.4955556	4
59879	"St. Clair Shores, MI"	-82.9002778	42.4955556	4
59880	"Detroit, MI"	-83.0457538	42.331427	4
59881	"Hanover Pa, 17331"	-76.9830358	39.8006553	4
59882	Las Vegas Nevada	-115.172816	36.114646	4
59883	London	-0.1276831	51.5073346	4
59884	London UK	0	0	0
59885	London	-0.1276831	51.5073346	4
59886	"Westland, MI"	-83.400211	42.324204	4
59887	London UK	0	0	0
59888	"Rio de Janeiro, Brasil"	-43.2095869	-22.9035393	4
59889	n/a	-69.6691186	-38.8233843	2
59890	Newfoundland	-57.6604364	53.1355091	2
59891	"Dubai, UAE"	55.307485	25.271139	4
59892	"antwerp, belgium"	4.4028818	51.2192159	4
59893	"Dearborn, MI"	-83.1763145	42.3222599	4
59894	"Detroit, MI"	-83.0457538	42.331427	4
60108	"Columbus, OH"	-82.9987942	39.9611755	4
60275	"Denver, CO"	-104.9847179	39.737567	4
60712	"Round Rock, Tx"	-97.678896	30.5082551	4
60713	"Austin, TX"	-97.7430608	30.267153	4
60714	"Austin, Tx"	-97.7430608	30.267153	4
61282	Guess where I am.	0	0	0
62164	"Phoenix, AZ"	-112.0740373	33.4483771	4
62304	"Doha, Qatar"	51.522476	25.280282	4
62305	"Houston, TX"	-95.3693896	29.7601927	4
62306	"Houston, TX"	-95.3693896	29.7601927	4
62307	Bay Area	-122.25	37.7141454	3
62818	"Industry, CA"	121.0196609	14.705865	6
62890	"Westminster, CO"	-105.0372046	39.8366528	4
62922	"Aliso Viejo, CA"	-117.725556	33.575	4
63166	Grove Street	-73.1043169	43.8247746	6
63167	"New York, NY"	-74.0059731	40.7143528	4
63168	"New York, NY"	-74.0059731	40.7143528	4
63436	Chicago IL	-87.6297982	41.8781136	4
63747	"??T: 39.900765,-74.905688"	17.5222691	50.9165407	6
63748	"philadelphia,pa"	-75.163789	39.952335	4
63749	"??T: 39.900765,-74.905688"	17.5222691	50.9165407	6
63997	"dallas ,Texas"	-96.8004511	32.7801399	4
64057	Bay Area	-122.25	37.7141454	3
64058	"Houston, Tx"	-95.3693896	29.7601927	4
64380	n/a	-69.6691186	-38.8233843	2
64480	"Detroit, MI"	-83.0457538	42.331427	4
64481	"Detroit,MI"	-83.0457538	42.331427	4
64482	"Westland, MI"	-83.400211	42.324204	4
64483	"Detroit, MI"	-83.0457538	42.331427	4
64484	Learn To Drive Safely!	0	0	0
64485	"Philadelphia, PA"	-75.163789	39.952335	4
64798	Austin 	-97.7430608	30.267153	4
64799	"Austin, TX"	-97.7430608	30.267153	4
64880	n/a	-69.6691186	-38.8233843	2
65122	n/a	-69.6691186	-38.8233843	2
65123	"New York, NY"	-74.0059731	40.7143528	4
65124	"New York, NY"	-74.0059731	40.7143528	4
65848	"Boston,Ma"	-71.0597732	42.3584308	4
65849	GORGEOUS UNIVERSE	0	0	0
66213	"Los Angeles, CA"	-118.2436849	34.0522342	4
66214	Los Angeles	-118.2436849	34.0522342	4
66215	"??T: 34.109318,-118.183992"	15.2223006	49.4156776	6
66216	USA	-95.712891	37.09024	1
66217	"Los Angeles, CA"	-118.2436849	34.0522342	4
66415	n/a	-69.6691186	-38.8233843	2
66801	Bay Area	-122.25	37.7141454	3
67022	n/a	-69.6691186	-38.8233843	2
67056	"Seattle, WA"	-122.3320708	47.6062095	4
67057	Seattle	-122.3320708	47.6062095	4
67108	Camas WA	-122.3995363	45.5870631	4
67258	"St. Clair Shores, MI"	-82.9002778	42.4955556	4
67259	n/a	-69.6691186	-38.8233843	2
67356	Columbus	-82.9987942	39.9611755	4
67377	"Indianapolis, IN 46260"	-86.1579557	39.7685825	4
67477	"San Jose, California"	-121.8949555	37.3393857	4
67508	Memphis	-90.0489801	35.1495343	4
67586	"East Coast, United States"	147.9145089	-41.698801	3
67602	"Round Rock, Tx"	-97.678896	30.5082551	4
67734	Washington DC	-77.0363658	38.8951118	4
67837	New York City	0	0	0
67838	Redneck Country	0	0	0
68644	"Los Angeles, California"	-118.2436849	34.0522342	4
68842	"San Mateo, CA"	-122.3255254	37.5629917	4
68843	miles college 	-86.908268	33.480831	9
68925	"philadelphia,pa"	-75.163789	39.952335	4
69261	"San Antonio, TX"	-98.4936282	29.4241219	4
69327	Camas WA	-122.3995363	45.5870631	4
69388	"St. Clair Shores, MI"	-82.9002778	42.4955556	4
69389	"Detroit, Michigan"	-83.0457538	42.331427	4
69390	"Detroit,MI"	-83.0457538	42.331427	4
69418	"Cleveland, OH"	-81.6954088	41.4994954	4
69452	"Brownsburg, IN"	-86.3977735	39.8433769	4
69602	"Austin, TX"	-97.7430608	30.267153	4
69603	"Austin, Tx"	-97.7430608	30.267153	4
69690	"West Virginia, it's a state..."	-80.4549026	38.5976262	2
69837	South Jersey	-2.13125	49.214439	1
69838	New York	-74.0059731	40.7143528	4
69839	New York	-74.0059731	40.7143528	4
69840	"New York, NY"	-74.0059731	40.7143528	4
70330	"Chicago, IL"	-87.6297982	41.8781136	4
70331	Chicago	-87.6297982	41.8781136	4
70332	Chicago	-87.6297982	41.8781136	4
70333	Chicago 	-87.6297982	41.8781136	4
70511	Los Angeles	-118.2436849	34.0522342	4
70917	n/a	-69.6691186	-38.8233843	2
70918	"Dallas, TX"	-96.8004511	32.7801399	4
70919	"Dallas, TX"	-96.8004511	32.7801399	4
70920	"Dallas, Texas"	-96.8004511	32.7801399	4
71023	"Houston, Texas "	-95.3693896	29.7601927	4
71024	Drunk In Houston 	0	0	0
71025	"Houston, Tx"	-95.3693896	29.7601927	4
71542	"Venezuela,Caracas"	-66.58973	6.42375	1
71543	"San Antonio, Texas"	-98.4936282	29.4241219	4
71595	Seattle	-122.3320708	47.6062095	4
71596	Kent	-122.2348431	47.3809335	4
71597	Seattle Washington	-122.3320708	47.6062095	4
71813	Sterling Heights	-83.0302033	42.5803122	4
71814	"??T: 42.492098,-83.290456"	21.4503326	47.2571929	6
71815	"??T: 42.449228,-83.216303"	21.4503326	47.2571929	6
71816	"Westland, MI"	-83.400211	42.324204	4
71892	CLE	-81.834693	41.411675	9
72135	"portland, ore"	-122.6762071	45.5234515	4
72136	New Galaxy 	0	0	0
72137	"Palo Alto, California"	-98.6659426	20.2861441	6
72279	"Round Rock, Tx"	-97.678896	30.5082551	4
72335	New Orleans	-90.0715323	29.9510658	4
72694	New York	-74.0059731	40.7143528	4
72695	"Doha, Qatar"	51.522476	25.280282	4
72696	New York	-74.0059731	40.7143528	4
72697	New York	-74.0059731	40.7143528	4
72698	n/a	-69.6691186	-38.8233843	2
73181	CHICAGO	-87.6297982	41.8781136	4
73368	Los Angeles 	-118.2436849	34.0522342	4
73369	"inglewood , ca"	-118.3531311	33.9616801	4
73752	"Phoenix, AZ, "	-112.0740373	33.4483771	4
73935	WorldWide	-84.7227071	39.0841968	6
73936	n/a	-69.6691186	-38.8233843	2
74931	Chagrin Falls	-81.3910999	41.4298516	4
75016	Denver Colorado	-104.9847179	39.737567	4
75260	"Arlington, VA"	-97.1080656	32.735687	4
75364	"New York, NY"	-74.0059731	40.7143528	4
75573	Chicago	-87.6297982	41.8781136	4
75634	USA	-95.712891	37.09024	1
75635	"Los Angeles, CA"	-118.2436849	34.0522342	4
75822	"San Francisco, CA"	-122.4194155	37.7749295	4
75823	"San Francisco, CA"	-122.4194155	37.7749295	4
75881	"Mount Laurel, NJ"	-74.9002778	39.9488889	4
75882	"Philadelphia, PA USA"	-75.163789	39.952335	4
75883	"philadelphia,pa"	-75.163789	39.952335	4
75884	Philly ????????	-75.163789	39.952335	4
76056	"Houston, Tx"	-95.3693896	29.7601927	4
76297	Camas WA	-122.3995363	45.5870631	4
76459	"St. Clair Shores, MI"	-82.9002778	42.4955556	4
76460	"Detroit,MI USA"	-83.0457538	42.331427	4
76461	"Detroit,MI"	-83.0457538	42.331427	4
76462	Toronto	-79.3831843	43.653226	4
76504	"Cleveland, Ohio"	-81.6954088	41.4994954	4
76696	"Palo Alto, CA"	-98.6659426	20.2861441	6
76825	"Austin, TX"	-97.7430608	30.267153	4
76826	"Round Rock, Tx"	-97.678896	30.5082551	4
76827	"Austin, Tx"	-97.7430608	30.267153	4
76828	"Austin, TX"	-97.7430608	30.267153	4
76888	New York	-74.0059731	40.7143528	4
76889	"New Orleans, Louisiana"	-90.0715323	29.9510658	4
77046	"Washington, DC"	-77.0363658	38.8951118	4
77047	"Washington, D.C."	-77.0363658	38.8951118	4
77048	"Washington, DC"	-77.0363658	38.8951118	4
77363	NYC	-74.0059731	40.7143528	4
77364	"New York, NY"	-74.0059731	40.7143528	4
77365	New York	-74.0059731	40.7143528	4
77366	NY	-74.0059731	40.7143528	4
77959	"Needham, MA"	-71.2377548	42.2809285	4
77960	"Needham, MA"	-71.2377548	42.2809285	4
78114	"Denver, CO 80203"	-104.9847179	39.737567	4
78315	Los Angeles	-118.2436849	34.0522342	4
78316	"Los Angeles, CA"	-118.2436849	34.0522342	4
78645	San Francisco 	-122.4194155	37.7749295	4
78646	San Francisco 	-122.4194155	37.7749295	4
78855	"Phoenix, AZ"	-112.0740373	33.4483771	4
79115	Worldwide	-84.7227071	39.0841968	6
79116	"Pasadena, Texas"	-118.1445155	34.1477849	4
79434	Canadia	-106.346771	56.130366	1
79497	Seattle	-122.3320708	47.6062095	4
79498	"Bellevue, WA"	-122.2006786	47.610377	4
79569	"Portland, Oregon, USA"	-122.6762071	45.5234515	4
79629	"Milwaukee, WI"	-87.9064736	43.0389025	4
79765	"Westland, MI"	-83.400211	42.324204	4
79957	"Denver, Co."	-104.9847179	39.737567	4
80057	"Palo Alto, CA"	-98.6659426	20.2861441	6
80228	"Austin, TX"	-97.7430608	30.267153	4
80229	"Austin,Tx"	-97.7430608	30.267153	4
80255	Metairie LA	-90.1528519	29.9840922	4
80532	??? ??? SAINT LOUIS ??? CHICAGO ??? NY	-74.0059731	40.7143528	4
80533	NY	-74.0059731	40.7143528	4
81377	"philadelphia,pa"	-75.163789	39.952335	4
81597	Bay Area	-122.25	37.7141454	3
81908	"Detroit,MI"	-83.0457538	42.331427	4
81909	LIVONIA MICHIGAN 	-83.3527097	42.36837	4
81941	"Cleveland, Ohio, USA"	-81.6954088	41.4994954	4
81942	"Cleveland, Ohio"	-81.6954088	41.4994954	4
82237	"Washington, DC"	-77.0363658	38.8951118	4
82559	"New York, NY"	-74.0059731	40.7143528	4
83800	"Chicago, IL"	-87.6297982	41.8781136	4
83801	n/a	-69.6691186	-38.8233843	2
83802	"Chicago, IL"	-87.6297982	41.8781136	4
85188	Los Angeles 	-118.2436849	34.0522342	4
85189	"Burbank, CA"	-118.3089661	34.1808392	4
85190	"Glendale, CA"	-118.255075	34.1425078	4
85667	"San Francisco, CA"	-122.4194155	37.7749295	4
85750	"Philadelphia, PA"	-75.163789	39.952335	4
85900	"Dallas, TX"	-96.8004511	32.7801399	4
85901	Northeast	27.4556388	-20.9030555	2
86021	"Houston, TX "	-95.3693896	29.7601927	4
86022	"Houston, Tx"	-95.3693896	29.7601927	4
86023	"Houston, Tx"	-95.3693896	29.7601927	4
86640	"San Antonio, Texas"	-98.4936282	29.4241219	4
86681	Kent WA	-122.2348431	47.3809335	4
86804	"Milwaukee, WI"	-87.9064736	43.0389025	4
87124	Michigan	-85.6023643	44.3148443	2
87125	N.C.	-79.0192997	35.7595731	2
87126	@jpurifoyspeaks	0	0	0
87127	"Detroit,MI USA"	-83.0457538	42.331427	4
87128	"St. Clair Shores, MI"	-82.9002778	42.4955556	4
87129	Chicago	-87.6297982	41.8781136	4
87130	"Birmingham, AL"	-86.80249	33.5206608	4
87131	"Lansing, MI"	-84.5555347	42.732535	4
87132	"Detroit, MI"	-83.0457538	42.331427	4
87133	"Westland, MI"	-83.400211	42.324204	4
87265	"COLUMBUS, NO!!!!HIO"	-82.9987942	39.9611755	4
87294	"North Indianapolis, IN"	-86.1579557	39.7685825	4
87339	Colorado	-105.7820674	39.5500507	2
87340	Denver Colorado	-104.9847179	39.737567	4
87428	fairbanks AK - bmore maryland	0	0	0
87429	fairbanks AK - bmore maryland	0	0	0
87583	Fort Worth	-97.3208496	32.725409	4
87622	"El Paso, TX"	-106.4869314	31.7587198	4
87752	"Austin, Tx"	-97.7430608	30.267153	4
87753	"Austin, TX"	-97.7430608	30.267153	4
87754	"Austin, Tx"	-97.7430608	30.267153	4
87919	"Brentwood, TN"	-121.6957863	37.931868	4
88115	"Washington, D.C."	-77.0363658	38.8951118	4
88116	"Washington, D.C."	-77.0363658	38.8951118	4
89075	"Boston, MA"	-71.0597732	42.3584308	4
89076	16. Mass.	-71.0687643	42.1380622	6
89218	San Francisco???London???Chicago	-122.2872766	37.7856975	6
89911	Los Angeles	-118.2436849	34.0522342	4
89912	"Los Angeles, CA"	-118.2436849	34.0522342	4
90299	"Toronto, ON"	-79.3831843	43.653226	4
90300	Russia	105.318756	61.52401	1
90301	n/a	-69.6691186	-38.8233843	2
90302	"51.15423,-114.044717"	29.0360134	62.3829505	8
90303	"Charlotte, NC"	-80.8431267	35.2270869	4
90304	"40.80183,-73.946674"	-104.8795852	39.5975615	6
90305	n/a	-69.6691186	-38.8233843	2
90306	North East	27.4556388	-20.9030555	2
90307	Davey Jones Locker	0	0	0
90308	"Dasmarinas City, Philippines"	120.9589699	14.2990183	4
90309	"Philadelphia, PA"	-75.163789	39.952335	4
90310	n/a	-69.6691186	-38.8233843	2
90311	"Washington, DC  Greenville, SC"	-77.0363658	38.8951118	4
90312	"San Antonio, Texas"	-98.4936282	29.4241219	4
90313	U.S	-95.712891	37.09024	1
90314	"5.569952,-0.258888"	0	0	0
90315	 the junguan tree of knowledge	0	0	0
90316	new city &amp new twitter	78.4997387	17.4419696	9
90317	San Francisco	-122.4194155	37.7749295	4
90318	"San Francisco, CA"	-122.4194155	37.7749295	4
90573	"Phoenix, Arizona"	-112.0740373	33.4483771	4
90742	"Dallas,Texas"	-96.8004511	32.7801399	4
90872	"Houston, TX"	-95.3693896	29.7601927	4
90873	n/a	-69.6691186	-38.8233843	2
90874	"Houston, TX"	-95.3693896	29.7601927	4
90875	"Houston, TX"	-95.3693896	29.7601927	4
90876	"Houston, TX"	-95.3693896	29.7601927	4
90877	"Doha, Qatar"	51.522476	25.280282	4
90878	"Houston, TX"	-95.3693896	29.7601927	4
90879	"Houston, TX"	-95.3693896	29.7601927	4
91323	Seattle	-122.3320708	47.6062095	4
91386	Camas WA	-122.3995363	45.5870631	4
91387	"Portland, OR"	-122.6762071	45.5234515	4
91653	Sterling Heights	-83.0302033	42.5803122	4
91715	"Cleveland, OH"	-81.6954088	41.4994954	4
91963	"Silver Spring, MD"	-77.026088	38.9906657	4
91964	Mommynic. Psychonic.. And more	0	0	0
91965	"Washington, D.C."	-77.0363658	38.8951118	4
91966	Washington	-77.0363658	38.8951118	4
91967	"Washington, DC"	-77.0363658	38.8951118	4
91968	Washington	-77.0363658	38.8951118	4
92611	Harlem New York	-73.9447994	40.8113824	4
92612	Garden City 	-73.6342954	40.7267682	4
92613	n/a	-69.6691186	-38.8233843	2
92614	"NY, NY"	-74.0059731	40.7143528	4
93419	Boston Ma	-71.0597732	42.3584308	4
93420	Boston Ma	-71.0597732	42.3584308	4
